ISO-10303-21;
HEADER;
FILE_DESCRIPTION (( 'STEP AP203' ),
    '1' );
FILE_NAME ('Assem1.STEP',
    '2026-08-04T10:05:52',
    ( '' ),
    ( '' ),
    'SwSTEP 2.0',
    'SolidWorks 2026',
    '' );
FILE_SCHEMA (( 'CONFIG_CONTROL_DESIGN' ));
ENDSEC;

DATA;
#1 = APPROVAL_PERSON_ORGANIZATION ( #984, #2815, #1802 ) ;
#2 = CALENDAR_DATE ( 2026, 4, 8 ) ;
#3 = CC_DESIGN_PERSON_AND_ORGANIZATION_ASSIGNMENT ( #1634, #2318, ( #31 ) ) ;
#4 = EDGE_LOOP ( 'NONE', ( #2409, #118, #1071, #2157 ) ) ;
#5 = PRODUCT_DEFINITION_SHAPE ( 'NONE', 'NONE',  #2855 ) ;
#6 = DIRECTION ( 'NONE',  ( -0.000000000000000000, -1.000000000000000000, -0.000000000000000000 ) ) ;
#7 = EDGE_CURVE ( 'NONE', #1453, #1787, #2776, .T. ) ;
#8 = SECURITY_CLASSIFICATION_LEVEL ( 'unclassified' ) ;
#9 = VECTOR ( 'NONE', #1427, 39.37007874015748143 ) ;
#10 = FACE_OUTER_BOUND ( 'NONE', #4, .T. ) ;
#11 = DATE_AND_TIME ( #878, #2727 ) ;
#12 = APPROVAL_PERSON_ORGANIZATION ( #1565, #402, #224 ) ;
#13 = AXIS2_PLACEMENT_3D ( 'NONE', #1263, #1739, #2621 ) ;
#14 = CALENDAR_DATE ( 2026, 4, 8 ) ;
#15 = DATE_AND_TIME ( #1829, #2258 ) ;
#16 = EDGE_LOOP ( 'NONE', ( #2782, #1020, #1578, #2630 ) ) ;
#17 = CC_DESIGN_APPROVAL ( #1420, ( #2460 ) ) ;
#18 = CARTESIAN_POINT ( 'NONE',  ( 5.750000000000000000, -1.334457776133509910, 6.252773296258497204 ) ) ;
#19 = CC_DESIGN_DATE_AND_TIME_ASSIGNMENT ( #2206, #455, ( #1308 ) ) ;
#20 = VECTOR ( 'NONE', #540, 39.37007874015748143 ) ;
#21 = APPROVAL_STATUS ( 'not_yet_approved' ) ;
#22 = ADVANCED_FACE ( 'NONE', ( #27 ), #479, .F. ) ;
#23 = DIRECTION ( 'NONE',  ( -1.000000000000000000, 0.000000000000000000, -0.000000000000000000 ) ) ;
#24 = PERSON_AND_ORGANIZATION ( #1258, #858 ) ;
#25 = PRODUCT_DEFINITION_SHAPE ( 'NONE', 'NONE',  #2844 ) ;
#26 = SECURITY_CLASSIFICATION_LEVEL ( 'unclassified' ) ;
#27 = FACE_OUTER_BOUND ( 'NONE', #2126, .T. ) ;
#28 = APPROVAL_PERSON_ORGANIZATION ( #356, #509, #138 ) ;
#29 = ORIENTED_EDGE ( 'NONE', *, *, #1356, .F. ) ;
#30 = DIRECTION ( 'NONE',  ( 0.000000000000000000, -1.000000000000000000, 0.000000000000000000 ) ) ;
#31 = SECURITY_CLASSIFICATION ( '', '', #2496 ) ;
#32 = APPROVAL_PERSON_ORGANIZATION ( #789, #1335, #2563 ) ;
#33 = DATE_TIME_ROLE ( 'classification_date' ) ;
#34 = LOCAL_TIME ( 5, 5, 52.00000000000000000, #817 ) ;
#35 = CC_DESIGN_PERSON_AND_ORGANIZATION_ASSIGNMENT ( #2383, #2748, ( #2185 ) ) ;
#36 = CARTESIAN_POINT ( 'NONE',  ( -9584.174284945485851, 192.0742743789555220, 7.462597148959528859 ) ) ;
#37 = DATE_AND_TIME ( #288, #83 ) ;
#38 = PRODUCT_DEFINITION_SHAPE ( 'NONE', 'NONE',  #2875 ) ;
#39 = PERSON_AND_ORGANIZATION_ROLE ( 'classification_officer' ) ;
#40 = EDGE_CURVE ( 'NONE', #1777, #740, #2790, .T. ) ;
#41 = PERSON_AND_ORGANIZATION_ROLE ( 'classification_officer' ) ;
#42 = APPLICATION_PROTOCOL_DEFINITION ( 'international standard', 'config_control_design', 1994, #1862 ) ;
#43 = LINE ( 'NONE', #1434, #2267 ) ;
#44 = ORIENTED_EDGE ( 'NONE', *, *, #2099, .T. ) ;
#45 = AXIS2_PLACEMENT_3D ( 'NONE', #1276, #2138, #1050 ) ;
#46 = FACE_OUTER_BOUND ( 'NONE', #895, .T. ) ;
#47 = CONTEXT_DEPENDENT_SHAPE_REPRESENTATION ( #1128, #2049 ) ;
#48 = DIRECTION ( 'NONE',  ( 0.000000000000000000, -0.000000000000000000, 1.000000000000000000 ) ) ;
#49 = CC_DESIGN_DATE_AND_TIME_ASSIGNMENT ( #2651, #1534, ( #1809 ) ) ;
#50 = PERSON_AND_ORGANIZATION ( #1258, #858 ) ;
#51 = CC_DESIGN_SECURITY_CLASSIFICATION ( #2209, ( #2859 ) ) ;
#52 = AXIS2_PLACEMENT_3D ( 'NONE', #2272, #1161, #1849 ) ;
#53 = CC_DESIGN_DATE_AND_TIME_ASSIGNMENT ( #2288, #2274, ( #378 ) ) ;
#54 =( CONVERSION_BASED_UNIT ( 'INCH', #992 ) LENGTH_UNIT ( ) NAMED_UNIT ( #795 ) );
#55 = PERSON ( 'NAUO-PER13', 'UNSPECIFIED', 'UNSPECIFIED', ('UNSPECIFIED'), ('UNSPECIFIED'), ('UNSPECIFIED') ) ;
#56 = EDGE_CURVE ( 'NONE', #767, #1681, #43, .T. ) ;
#57 = SECURITY_CLASSIFICATION ( '', '', #307 ) ;
#58 = AXIS2_PLACEMENT_3D ( 'NONE', #1509, #2360, #1961 ) ;
#59 = ORGANIZATION ( 'NAUO-ORG15', 'UNSPECIFIED', 'UNSPECIFIED' ) ;
#60 = LOCAL_TIME ( 5, 5, 52.00000000000000000, #252 ) ;
#61 = ORIENTED_EDGE ( 'NONE', *, *, #461, .F. ) ;
#62 = LINE ( 'NONE', #998, #2159 ) ;
#63 = PRODUCT_DEFINITION_SHAPE ( 'NONE', 'NONE',  #2872 ) ;
#64 = COORDINATED_UNIVERSAL_TIME_OFFSET ( 5, 0, .BEHIND. ) ;
#65 = COORDINATED_UNIVERSAL_TIME_OFFSET ( 5, 0, .BEHIND. ) ;
#66 = DIRECTION ( 'NONE',  ( 0.000000000000000000, 0.000000000000000000, 1.000000000000000000 ) ) ;
#67 = APPLICATION_CONTEXT ( 'configuration controlled 3d designs of mechanical parts and assemblies' ) ;
#68 = DIRECTION ( 'NONE',  ( 0.000000000000000000, 1.000000000000000000, 0.000000000000000000 ) ) ;
#69 = AXIS2_PLACEMENT_3D ( 'NONE', #1493, #2606, #2195 ) ;
#70 = APPROVAL_ROLE ( '' ) ;
#71 = DATE_AND_TIME ( #1886, #2323 ) ;
#72 = CLOSED_SHELL ( 'NONE', ( #245, #1582, #970, #953, #279, #1958 ) ) ;
#73 = APPROVAL_STATUS ( 'not_yet_approved' ) ;
#74 = APPROVAL_ROLE ( '' ) ;
#75 = APPROVAL ( #1964, 'UNSPECIFIED' ) ;
#76 = APPROVAL ( #2779, 'UNSPECIFIED' ) ;
#77 = ORIENTED_EDGE ( 'NONE', *, *, #2520, .F. ) ;
#78 = FACE_OUTER_BOUND ( 'NONE', #325, .T. ) ;
#79 = DATE_AND_TIME ( #2055, #2838 ) ;
#80 = CC_DESIGN_APPROVAL ( #862, ( #648 ) ) ;
#81 = CALENDAR_DATE ( 2026, 4, 8 ) ;
#82 =( REPRESENTATION_RELATIONSHIP ('NONE','NONE', #2345, #468 ) REPRESENTATION_RELATIONSHIP_WITH_TRANSFORMATION ( #1404 )SHAPE_REPRESENTATION_RELATIONSHIP( ) );
#83 = LOCAL_TIME ( 5, 5, 52.00000000000000000, #2757 ) ;
#84 = DIRECTION ( 'NONE',  ( 0.000000000000000000, 0.000000000000000000, -1.000000000000000000 ) ) ;
#85 = CC_DESIGN_APPROVAL ( #726, ( #1441 ) ) ;
#86 = CARTESIAN_POINT ( 'NONE',  ( 153.4493719263671778, -11.00121272966391750, -3.422440268760200244 ) ) ;
#87 = APPROVAL_STATUS ( 'not_yet_approved' ) ;
#88 = PERSON_AND_ORGANIZATION ( #1258, #858 ) ;
#89 =( LENGTH_UNIT ( ) NAMED_UNIT ( * ) SI_UNIT ( $, .METRE. ) );
#90 = COORDINATED_UNIVERSAL_TIME_OFFSET ( 5, 0, .BEHIND. ) ;
#91 = PERSON_AND_ORGANIZATION ( #1258, #858 ) ;
#92 = APPROVAL ( #2112, 'UNKNOWN' ) ;
#93 = CALENDAR_DATE ( 2026, 4, 8 ) ;
#94 = ORIENTED_EDGE ( 'NONE', *, *, #2744, .F. ) ;
#95 = DIRECTION ( 'NONE',  ( 0.000000000000000000, 0.000000000000000000, 1.000000000000000000 ) ) ;
#96 = LOCAL_TIME ( 5, 5, 52.00000000000000000, #142 ) ;
#97 = COORDINATED_UNIVERSAL_TIME_OFFSET ( 5, 0, .BEHIND. ) ;
#98 = PERSON ( 'NAUO-PER4', 'UNSPECIFIED', 'UNSPECIFIED', ('UNSPECIFIED'), ('UNSPECIFIED'), ('UNSPECIFIED') ) ;
#99 = LINE ( 'NONE', #974, #1189 ) ;
#100 = EDGE_CURVE ( 'NONE', #2297, #244, #925, .T. ) ;
#101 = SECURITY_CLASSIFICATION_LEVEL ( 'unclassified' ) ;
#102 = PERSON ( 'NAUO-PER2', 'UNSPECIFIED', 'UNSPECIFIED', ('UNSPECIFIED'), ('UNSPECIFIED'), ('UNSPECIFIED') ) ;
#103 = APPROVAL_STATUS ( 'not_yet_approved' ) ;
#104 = CARTESIAN_POINT ( 'NONE',  ( -154.2749031762932361, -36.27762148244581653, -25.53011783130363455 ) ) ;
#105 = APPLICATION_PROTOCOL_DEFINITION ( 'international standard', 'config_control_design', 1994, #2655 ) ;
#106 = EDGE_LOOP ( 'NONE', ( #2586, #2568, #2201, #201 ) ) ;
#107 = DIRECTION ( 'NONE',  ( 0.000000000000000000, 0.000000000000000000, -1.000000000000000000 ) ) ;
#108 = CC_DESIGN_SECURITY_CLASSIFICATION ( #532, ( #2849 ) ) ;
#109 = AXIS2_PLACEMENT_3D ( 'NONE', #135, #1584, #2475 ) ;
#110 = PERSON_AND_ORGANIZATION ( #1290, #1731 ) ;
#111 = ITEM_DEFINED_TRANSFORMATION ( 'NONE', 'NONE', #533,  #373 ) ;
#112 = CARTESIAN_POINT ( 'NONE',  ( 35.03609927962803994, 142.2269570397985490, 0.6407477203355000928 ) ) ;
#113 = CARTESIAN_POINT ( 'NONE',  ( -9584.174284945485851, 223.0805877970713880, 14.24024829653508384 ) ) ;
#114 = CC_DESIGN_DATE_AND_TIME_ASSIGNMENT ( #1018, #189, ( #969 ) ) ;
#115 = ITEM_DEFINED_TRANSFORMATION ( 'NONE', 'NONE', #1039,  #373 ) ;
#116 = CC_DESIGN_PERSON_AND_ORGANIZATION_ASSIGNMENT ( #503, #1389, ( #2551 ) ) ;
#117 = CALENDAR_DATE ( 2026, 4, 8 ) ;
#118 = ORIENTED_EDGE ( 'NONE', *, *, #1994, .F. ) ;
#119 = VECTOR ( 'NONE', #427, 39.37007874015748143 ) ;
#120 = VECTOR ( 'NONE', #570, 39.37007874015748143 ) ;
#121 = PERSON_AND_ORGANIZATION ( #1258, #858 ) ;
#122 = COORDINATED_UNIVERSAL_TIME_OFFSET ( 5, 0, .BEHIND. ) ;
#123 = ORIENTED_EDGE ( 'NONE', *, *, #1830, .T. ) ;
#124 = PLANE ( 'NONE',  #2284 ) ;
#125 = COORDINATED_UNIVERSAL_TIME_OFFSET ( 5, 0, .BEHIND. ) ;
#126 = ITEM_DEFINED_TRANSFORMATION ( 'NONE', 'NONE', #2165,  #373 ) ;
#127 = DIRECTION ( 'NONE',  ( 0.000000000000000000, 0.000000000000000000, 1.000000000000000000 ) ) ;
#128 = DIRECTION ( 'NONE',  ( 1.000000000000000000, 0.000000000000000000, 0.000000000000000000 ) ) ;
#129 = PERSON_AND_ORGANIZATION ( #2600, #1721 ) ;
#130 = CC_DESIGN_PERSON_AND_ORGANIZATION_ASSIGNMENT ( #2319, #319, ( #1758 ) ) ;
#131 = APPROVAL_PERSON_ORGANIZATION ( #1363, #774, #1844 ) ;
#132 = DIRECTION ( 'NONE',  ( -1.000000000000000000, -0.000000000000000000, -0.000000000000000000 ) ) ;
#133 = CC_DESIGN_APPROVAL ( #1003, ( #1809 ) ) ;
#134 = DESIGN_CONTEXT ( 'detailed design', #2675, 'design' ) ;
#135 = CARTESIAN_POINT ( 'NONE',  ( 0.000000000000000000, 0.000000000000000000, 0.000000000000000000 ) ) ;
#136 = DATE_TIME_ROLE ( 'classification_date' ) ;
#137 = EDGE_CURVE ( 'NONE', #270, #1499, #1913, .T. ) ;
#138 = APPROVAL_ROLE ( '' ) ;
#139 = ORIENTED_EDGE ( 'NONE', *, *, #1705, .F. ) ;
#140 = FACE_OUTER_BOUND ( 'NONE', #954, .T. ) ;
#141 =( REPRESENTATION_RELATIONSHIP ('NONE','NONE', #2345, #2043 ) REPRESENTATION_RELATIONSHIP_WITH_TRANSFORMATION ( #1042 )SHAPE_REPRESENTATION_RELATIONSHIP( ) );
#142 = COORDINATED_UNIVERSAL_TIME_OFFSET ( 5, 0, .BEHIND. ) ;
#143 = CONTEXT_DEPENDENT_SHAPE_REPRESENTATION ( #2814, #2433 ) ;
#144 = PLANE ( 'NONE',  #352 ) ;
#145 = SECURITY_CLASSIFICATION_LEVEL ( 'unclassified' ) ;
#146 = PERSON_AND_ORGANIZATION ( #592, #1605 ) ;
#147 = PLANE ( 'NONE',  #638 ) ;
#148 = CARTESIAN_POINT ( 'NONE',  ( 35.03609927962803994, -0.5730429602014194268, 0.6407477203353753037 ) ) ;
#149 = APPROVAL_STATUS ( 'not_yet_approved' ) ;
#150 = CIRCLE ( 'NONE', #1784, 29.99999999999986855 ) ;
#151 = DATE_AND_TIME ( #1483, #1013 ) ;
#152 = EDGE_CURVE ( 'NONE', #839, #1800, #1817, .T. ) ;
#153 = ORIENTED_EDGE ( 'NONE', *, *, #1652, .T. ) ;
#154 = CALENDAR_DATE ( 2026, 4, 8 ) ;
#155 = DIRECTION ( 'NONE',  ( 0.000000000000000000, 0.000000000000000000, -1.000000000000000000 ) ) ;
#156 = MANIFOLD_SOLID_BREP ( 'Boss-Extrude1', #72 ) ;
#157 = LOCAL_TIME ( 5, 5, 52.00000000000000000, #2093 ) ;
#158 = AXIS2_PLACEMENT_3D ( 'NONE', #400, #2180, #353 ) ;
#159 = LOCAL_TIME ( 5, 5, 52.00000000000000000, #308 ) ;
#160 = CARTESIAN_POINT ( 'NONE',  ( 127.0543895766069653, 22.63097066641579858, 12.31905676789047277 ) ) ;
#161 =( NAMED_UNIT ( * ) SI_UNIT ( $, .STERADIAN. ) SOLID_ANGLE_UNIT ( ) );
#162 = APPROVAL_DATE_TIME ( #1944, #1200 ) ;
#163 = VECTOR ( 'NONE', #1073, 39.37007874015748143 ) ;
#164 = COORDINATED_UNIVERSAL_TIME_OFFSET ( 5, 0, .BEHIND. ) ;
#165 = APPROVAL ( #515, 'UNSPECIFIED' ) ;
#166 = ORIENTED_EDGE ( 'NONE', *, *, #794, .F. ) ;
#167 = CARTESIAN_POINT ( 'NONE',  ( -9.370628073632953914, -37.39619507942415311, -3.422440268760200244 ) ) ;
#168 = CC_DESIGN_DATE_AND_TIME_ASSIGNMENT ( #649, #1034, ( #777 ) ) ;
#169 = APPROVAL_ROLE ( '' ) ;
#170 = CARTESIAN_POINT ( 'NONE',  ( 0.000000000000000000, -1.334457776133509910, 6.252773296258497204 ) ) ;
#171 = EDGE_CURVE ( 'NONE', #374, #2694, #804, .T. ) ;
#172 = DATE_TIME_ROLE ( 'classification_date' ) ;
#173 = PERSON_AND_ORGANIZATION_ROLE ( 'classification_officer' ) ;
#174 = CARTESIAN_POINT ( 'NONE',  ( -154.2749031762932361, -36.27762148244581653, -25.53011783130363455 ) ) ;
#175 = DIRECTION ( 'NONE',  ( 0.000000000000000000, 0.000000000000000000, 1.000000000000000000 ) ) ;
#176 = APPROVAL_PERSON_ORGANIZATION ( #667, #862, #1678 ) ;
#177 = APPROVAL_DATE_TIME ( #611, #1116 ) ;
#178 = APPROVAL_ROLE ( '' ) ;
#179 = APPROVAL_PERSON_ORGANIZATION ( #2510, #1989, #1433 ) ;
#180 = APPROVAL_PERSON_ORGANIZATION ( #129, #582, #829 ) ;
#181 = APPLICATION_PROTOCOL_DEFINITION ( 'international standard', 'config_control_design', 1994, #1894 ) ;
#182 = MANIFOLD_SOLID_BREP ( 'Boss-Extrude1', #639 ) ;
#183 = CARTESIAN_POINT ( 'NONE',  ( 35.03609927962803994, 106.5269570397468044, 0.6407477203354690065 ) ) ;
#184 = ORIENTED_EDGE ( 'NONE', *, *, #1057, .T. ) ;
#185 = APPROVAL ( #1517, 'UNKNOWN' ) ;
#186 = APPROVAL_ROLE ( '' ) ;
#187 = CARTESIAN_POINT ( 'NONE',  ( -154.2749031762932361, 23.22237851755419413, -20.01105811084619290 ) ) ;
#188 = CC_DESIGN_PERSON_AND_ORGANIZATION_ASSIGNMENT ( #583, #798, ( #193 ) ) ;
#189 = DATE_TIME_ROLE ( 'classification_date' ) ;
#190 = CALENDAR_DATE ( 2026, 4, 8 ) ;
#191 = EDGE_CURVE ( 'NONE', #2694, #435, #1597, .T. ) ;
#192 = CARTESIAN_POINT ( 'NONE',  ( -9.370628073632953914, -37.39619507942415311, 12.31905676789047277 ) ) ;
#193 = SECURITY_CLASSIFICATION ( '', '', #2350 ) ;
#194 = DIRECTION ( 'NONE',  ( 1.000000000000000000, 0.000000000000000000, 0.000000000000000000 ) ) ;
#195 = DATE_AND_TIME ( #2166, #1421 ) ;
#196 = PERSON_AND_ORGANIZATION ( #1258, #858 ) ;
#197 = MANIFOLD_SOLID_BREP ( 'Boss-Extrude1', #262 ) ;
#198 = DIRECTION ( 'NONE',  ( 1.000000000000000000, 0.000000000000000000, 0.000000000000000000 ) ) ;
#199 = VERTEX_POINT ( 'NONE', #1214 ) ;
#200 = CC_DESIGN_APPROVAL ( #92, ( #1332 ) ) ;
#201 = ORIENTED_EDGE ( 'NONE', *, *, #2798, .T. ) ;
#202 = VECTOR ( 'NONE', #2066, 39.37007874015748143 ) ;
#203 = DIRECTION ( 'NONE',  ( 0.000000000000000000, -0.000000000000000000, -1.000000000000000000 ) ) ;
#204 = CALENDAR_DATE ( 2026, 4, 8 ) ;
#205 = DATE_AND_TIME ( #2659, #1091 ) ;
#206 = APPLICATION_CONTEXT ( 'configuration controlled 3d designs of mechanical parts and assemblies' ) ;
#207 = PERSON ( 'NAUO-PER12', 'UNSPECIFIED', 'UNSPECIFIED', ('UNSPECIFIED'), ('UNSPECIFIED'), ('UNSPECIFIED') ) ;
#208 = CC_DESIGN_PERSON_AND_ORGANIZATION_ASSIGNMENT ( #2125, #563, ( #950 ) ) ;
#209 = DIRECTION ( 'NONE',  ( -1.000000000000000000, -0.000000000000000000, -0.000000000000000000 ) ) ;
#210 = ORGANIZATION ( 'NAUO-ORG10', 'UNSPECIFIED', 'UNSPECIFIED' ) ;
#211 = CC_DESIGN_SECURITY_CLASSIFICATION ( #295, ( #1747 ) ) ;
#212 = MANIFOLD_SOLID_BREP ( 'Boss-Extrude1', #2365 ) ;
#213 = CC_DESIGN_PERSON_AND_ORGANIZATION_ASSIGNMENT ( #24, #1592, ( #2275 ) ) ;
#214 = LOCAL_TIME ( 5, 5, 52.00000000000000000, #2207 ) ;
#215 = LOCAL_TIME ( 5, 5, 52.00000000000000000, #1277 ) ;
#216 = PERSON_AND_ORGANIZATION ( #1258, #858 ) ;
#217 = DATE_TIME_ROLE ( 'classification_date' ) ;
#218 = DIRECTION ( 'NONE',  ( 1.000000000000000000, 0.000000000000000000, 0.000000000000000000 ) ) ;
#219 = VERTEX_POINT ( 'NONE', #2486 ) ;
#220 = VECTOR ( 'NONE', #381, 39.37007874015748143 ) ;
#221 = ORIENTED_EDGE ( 'NONE', *, *, #919, .F. ) ;
#222 = DIRECTION ( 'NONE',  ( -1.000000000000000000, 0.000000000000000000, 0.000000000000000000 ) ) ;
#223 = COORDINATED_UNIVERSAL_TIME_OFFSET ( 5, 0, .BEHIND. ) ;
#224 = APPROVAL_ROLE ( '' ) ;
#225 = PRODUCT_DEFINITION_SHAPE ( 'NONE', 'NONE',  #950 ) ;
#226 = DIRECTION ( 'NONE',  ( 0.000000000000000000, -1.000000000000000000, 0.000000000000000000 ) ) ;
#227 = CC_DESIGN_DATE_AND_TIME_ASSIGNMENT ( #1151, #1095, ( #2707 ) ) ;
#228 = CALENDAR_DATE ( 2026, 4, 8 ) ;
#229 = LOCAL_TIME ( 5, 5, 52.00000000000000000, #2199 ) ;
#230 = APPROVAL_DATE_TIME ( #1340, #75 ) ;
#231 = APPROVAL_STATUS ( 'not_yet_approved' ) ;
#232 = DATE_TIME_ROLE ( 'classification_date' ) ;
#233 = ORIENTED_EDGE ( 'NONE', *, *, #1516, .T. ) ;
#234 = APPROVAL_PERSON_ORGANIZATION ( #2238, #1198, #2013 ) ;
#235 = CC_DESIGN_APPROVAL ( #459, ( #1308 ) ) ;
#236 = FACE_OUTER_BOUND ( 'NONE', #341, .T. ) ;
#237 = APPROVAL_ROLE ( '' ) ;
#238 = APPROVAL_ROLE ( '' ) ;
#239 = DIRECTION ( 'NONE',  ( 0.000000000000000000, 1.000000000000000000, 0.000000000000000000 ) ) ;
#240 =( REPRESENTATION_RELATIONSHIP ('NONE','NONE', #2345, #468 ) REPRESENTATION_RELATIONSHIP_WITH_TRANSFORMATION ( #1208 )SHAPE_REPRESENTATION_RELATIONSHIP( ) );
#241 = APPROVAL_ROLE ( '' ) ;
#242 = DIRECTION ( 'NONE',  ( -0.000000000000000000, -1.000000000000000000, -0.000000000000000000 ) ) ;
#243 = PERSON ( 'NAUO-PER22', 'UNSPECIFIED', 'UNSPECIFIED', ('UNSPECIFIED'), ('UNSPECIFIED'), ('UNSPECIFIED') ) ;
#244 = VERTEX_POINT ( 'NONE', #268 ) ;
#245 = ADVANCED_FACE ( 'NONE', ( #2476 ), #1365, .F. ) ;
#246 = VERTEX_POINT ( 'NONE', #1887 ) ;
#247 = DIRECTION ( 'NONE',  ( -0.000000000000000000, -1.000000000000000000, -0.000000000000000000 ) ) ;
#248 = APPROVAL_STATUS ( 'not_yet_approved' ) ;
#249 = DATE_AND_TIME ( #901, #1839 ) ;
#250 = VECTOR ( 'NONE', #1766, 39.37007874015748143 ) ;
#251 = DIRECTION ( 'NONE',  ( -0.000000000000000000, 1.000000000000000000, -0.000000000000000000 ) ) ;
#252 = COORDINATED_UNIVERSAL_TIME_OFFSET ( 5, 0, .BEHIND. ) ;
#253 = ORGANIZATION ( 'NAUO-ORG11', 'UNSPECIFIED', 'UNSPECIFIED' ) ;
#254 = LOCAL_TIME ( 5, 5, 52.00000000000000000, #1596 ) ;
#255 = DATE_TIME_ROLE ( 'classification_date' ) ;
#256 = DIRECTION ( 'NONE',  ( 0.000000000000000000, 1.000000000000000000, 0.000000000000000000 ) ) ;
#257 = ORIENTED_EDGE ( 'NONE', *, *, #1567, .F. ) ;
#258 = CC_DESIGN_PERSON_AND_ORGANIZATION_ASSIGNMENT ( #1363, #2704, ( #1904 ) ) ;
#259 = AXIS2_PLACEMENT_3D ( 'NONE', #1782, #688, #23 ) ;
#260 = CARTESIAN_POINT ( 'NONE',  ( 127.0543895766069653, 0.000000000000000000, -17.68094323210939578 ) ) ;
#261 = PRODUCT_RELATED_PRODUCT_CATEGORY ( 'detail', '', ( #1367 ) ) ;
#262 = CLOSED_SHELL ( 'NONE', ( #22, #2311, #1533, #2837, #1405, #2539 ) ) ;
#263 = ITEM_DEFINED_TRANSFORMATION ( 'NONE', 'NONE', #1374,  #373 ) ;
#264 = PLANE ( 'NONE',  #541 ) ;
#265 = PERSON_AND_ORGANIZATION_ROLE ( 'creator' ) ;
#266 = COORDINATED_UNIVERSAL_TIME_OFFSET ( 5, 0, .BEHIND. ) ;
#267 = COORDINATED_UNIVERSAL_TIME_OFFSET ( 5, 0, .BEHIND. ) ;
#268 = CARTESIAN_POINT ( 'NONE',  ( 0.000000000000000000, 127.8750176502398830, 22.62992125984275660 ) ) ;
#269 = CC_DESIGN_APPROVAL ( #75, ( #1715 ) ) ;
#270 = VERTEX_POINT ( 'NONE', #776 ) ;
#271 = DIRECTION ( 'NONE',  ( 0.000000000000000000, 0.000000000000000000, -1.000000000000000000 ) ) ;
#272 = CC_DESIGN_DATE_AND_TIME_ASSIGNMENT ( #1019, #2820, ( #532 ) ) ;
#273 = SECURITY_CLASSIFICATION ( '', '', #1244 ) ;
#274 = PERSON_AND_ORGANIZATION_ROLE ( 'classification_officer' ) ;
#275 = DATE_AND_TIME ( #1822, #2070 ) ;
#276 = FACE_OUTER_BOUND ( 'NONE', #2065, .T. ) ;
#277 = CC_DESIGN_DATE_AND_TIME_ASSIGNMENT ( #620, #172, ( #273 ) ) ;
#278 = PERSON_AND_ORGANIZATION ( #2048, #2423 ) ;
#279 = ADVANCED_FACE ( 'NONE', ( #1663 ), #560, .F. ) ;
#280 = PERSON_AND_ORGANIZATION_ROLE ( 'classification_officer' ) ;
#281 =( NAMED_UNIT ( * ) SI_UNIT ( $, .STERADIAN. ) SOLID_ANGLE_UNIT ( ) );
#282 = CONTEXT_DEPENDENT_SHAPE_REPRESENTATION ( #1089, #2225 ) ;
#283 = SECURITY_CLASSIFICATION ( '', '', #510 ) ;
#284 = VERTEX_POINT ( 'NONE', #2095 ) ;
#285 = FACE_OUTER_BOUND ( 'NONE', #564, .T. ) ;
#286 = COORDINATED_UNIVERSAL_TIME_OFFSET ( 5, 0, .BEHIND. ) ;
#287 = CARTESIAN_POINT ( 'NONE',  ( 0.000000000000000000, -8.550000000000038014, 22.62992125984275660 ) ) ;
#288 = CALENDAR_DATE ( 2026, 4, 8 ) ;
#289 = PRODUCT_RELATED_PRODUCT_CATEGORY ( 'detail', '', ( #2275 ) ) ;
#290 = APPLICATION_PROTOCOL_DEFINITION ( 'international standard', 'config_control_design', 1994, #2230 ) ;
#291 = CC_DESIGN_PERSON_AND_ORGANIZATION_ASSIGNMENT ( #2764, #1436, ( #813 ) ) ;
#292 = COORDINATED_UNIVERSAL_TIME_OFFSET ( 5, 0, .BEHIND. ) ;
#293 = DATE_AND_TIME ( #2361, #2071 ) ;
#294 = SECURITY_CLASSIFICATION ( '', '', #2739 ) ;
#295 = SECURITY_CLASSIFICATION ( '', '', #2451 ) ;
#296 = LOCAL_TIME ( 5, 5, 52.00000000000000000, #2106 ) ;
#297 = ORIENTED_EDGE ( 'NONE', *, *, #1167, .T. ) ;
#298 = CARTESIAN_POINT ( 'NONE',  ( 16.37999999999999901, 127.8750176502398830, 22.62992125984275660 ) ) ;
#299 = COORDINATED_UNIVERSAL_TIME_OFFSET ( 5, 0, .BEHIND. ) ;
#300 = DATE_AND_TIME ( #81, #1083 ) ;
#301 = DIRECTION ( 'NONE',  ( -1.000000000000000000, -0.000000000000000000, -0.000000000000000000 ) ) ;
#302 = VECTOR ( 'NONE', #568, 39.37007874015748143 ) ;
#303 = DATE_TIME_ROLE ( 'classification_date' ) ;
#304 = APPROVAL_STATUS ( 'not_yet_approved' ) ;
#305 =( GEOMETRIC_REPRESENTATION_CONTEXT ( 3 ) GLOBAL_UNCERTAINTY_ASSIGNED_CONTEXT ( ( #1275 ) ) GLOBAL_UNIT_ASSIGNED_CONTEXT ( ( #571, #1422, #2308 ) ) REPRESENTATION_CONTEXT ( 'NONE', 'WORKASPACE' ) );
#306 = CC_DESIGN_DATE_AND_TIME_ASSIGNMENT ( #456, #1371, ( #903 ) ) ;
#307 = SECURITY_CLASSIFICATION_LEVEL ( 'unclassified' ) ;
#308 = COORDINATED_UNIVERSAL_TIME_OFFSET ( 5, 0, .BEHIND. ) ;
#309 = ORIENTED_EDGE ( 'NONE', *, *, #1440, .F. ) ;
#310 = CARTESIAN_POINT ( 'NONE',  ( 5.750000000000000000, 0.000000000000000000, 0.000000000000000000 ) ) ;
#311 = PERSON_AND_ORGANIZATION_ROLE ( 'classification_officer' ) ;
#312 = APPROVAL_PERSON_ORGANIZATION ( #923, #1593, #2732 ) ;
#313 = SECURITY_CLASSIFICATION_LEVEL ( 'unclassified' ) ;
#314 = ORGANIZATION ( 'NAUO-ORG24', 'UNSPECIFIED', 'UNSPECIFIED' ) ;
#315 = CARTESIAN_POINT ( 'NONE',  ( 16.37999999999999901, -8.550000000000038014, -11.00226213623696303 ) ) ;
#316 = LOCAL_TIME ( 5, 5, 52.00000000000000000, #2250 ) ;
#317 = LOCAL_TIME ( 5, 5, 52.00000000000000000, #425 ) ;
#318 = DATE_AND_TIME ( #1661, #1158 ) ;
#319 = PERSON_AND_ORGANIZATION_ROLE ( 'creator' ) ;
#320 = DIRECTION ( 'NONE',  ( 0.000000000000000000, 1.000000000000000000, 0.000000000000000000 ) ) ;
#321 = AXIS2_PLACEMENT_3D ( 'NONE', #2286, #2504, #507 ) ;
#322 =( LENGTH_UNIT ( ) NAMED_UNIT ( * ) SI_UNIT ( $, .METRE. ) );
#323 = DATE_AND_TIME ( #1859, #2804 ) ;
#324 = PERSON_AND_ORGANIZATION ( #1258, #858 ) ;
#325 = EDGE_LOOP ( 'NONE', ( #1586, #697, #1025, #257 ) ) ;
#326 = LINE ( 'NONE', #1671, #626 ) ;
#327 = EDGE_CURVE ( 'NONE', #481, #2479, #411, .T. ) ;
#328 = CC_DESIGN_APPROVAL ( #707, ( #193 ) ) ;
#329 = CALENDAR_DATE ( 2026, 4, 8 ) ;
#330 = DATE_AND_TIME ( #717, #1688 ) ;
#331 = CARTESIAN_POINT ( 'NONE',  ( 9621.544363685643475, -137.4767554566034846, -10.85678193649149215 ) ) ;
#332 = CARTESIAN_POINT ( 'NONE',  ( -9.370628073632953914, -37.39619507942415311, -3.422440268760200244 ) ) ;
#333 = CONTEXT_DEPENDENT_SHAPE_REPRESENTATION ( #977, #1816 ) ;
#334 = COORDINATED_UNIVERSAL_TIME_OFFSET ( 5, 0, .BEHIND. ) ;
#335 = DIRECTION ( 'NONE',  ( 0.000000000000000000, 0.000000000000000000, 1.000000000000000000 ) ) ;
#336 = LOCAL_TIME ( 5, 5, 52.00000000000000000, #2398 ) ;
#337 = PERSON_AND_ORGANIZATION_ROLE ( 'design_owner' ) ;
#338 = VECTOR ( 'NONE', #657, 39.37007874015748143 ) ;
#339 = APPROVAL_DATE_TIME ( #980, #509 ) ;
#340 = PERSON ( 'NAUO-PER10', 'UNSPECIFIED', 'UNSPECIFIED', ('UNSPECIFIED'), ('UNSPECIFIED'), ('UNSPECIFIED') ) ;
#341 = EDGE_LOOP ( 'NONE', ( #1920, #1471, #2170, #1442 ) ) ;
#342 = CARTESIAN_POINT ( 'NONE',  ( 0.000000000000000000, -7.984084880636602932, 3.438328912466843690 ) ) ;
#343 =( REPRESENTATION_RELATIONSHIP ('NONE','NONE', #2345, #670 ) REPRESENTATION_RELATIONSHIP_WITH_TRANSFORMATION ( #1052 )SHAPE_REPRESENTATION_RELATIONSHIP( ) );
#344 = CC_DESIGN_DATE_AND_TIME_ASSIGNMENT ( #1609, #1377, ( #1996 ) ) ;
#345 = ORIENTED_EDGE ( 'NONE', *, *, #1008, .F. ) ;
#346 = LOCAL_TIME ( 5, 5, 52.00000000000000000, #1799 ) ;
#347 = DATE_TIME_ROLE ( 'classification_date' ) ;
#348 = DIRECTION ( 'NONE',  ( 1.000000000000000000, 0.000000000000000000, 0.000000000000000000 ) ) ;
#349 = DIRECTION ( 'NONE',  ( 0.000000000000000000, 0.000000000000000000, -1.000000000000000000 ) ) ;
#350 = EDGE_CURVE ( 'NONE', #2297, #1902, #1710, .T. ) ;
#351 = DIRECTION ( 'NONE',  ( -1.000000000000000000, -0.000000000000000000, -0.000000000000000000 ) ) ;
#352 = AXIS2_PLACEMENT_3D ( 'NONE', #1044, #2412, #827 ) ;
#354 = VECTOR ( 'NONE', #635, 39.37007874015748143 ) ;
#353 = DIRECTION ( 'NONE',  ( 1.000000000000000000, 0.000000000000000000, 0.000000000000000000 ) ) ;
#355 = CALENDAR_DATE ( 2026, 4, 8 ) ;
#356 = PERSON_AND_ORGANIZATION ( #1258, #858 ) ;
#357 = ORIENTED_EDGE ( 'NONE', *, *, #1187, .F. ) ;
#358 =( NAMED_UNIT ( * ) SI_UNIT ( $, .STERADIAN. ) SOLID_ANGLE_UNIT ( ) );
#359 = COORDINATED_UNIVERSAL_TIME_OFFSET ( 5, 0, .BEHIND. ) ;
#360 = CALENDAR_DATE ( 2026, 4, 8 ) ;
#361 = DIRECTION ( 'NONE',  ( -3.491481338843133355E-15, 1.000000000000000000, 0.000000000000000000 ) ) ;
#362 = CARTESIAN_POINT ( 'NONE',  ( -155.6749031762932418, -36.27762148244581653, -25.53011783130363455 ) ) ;
#363 = CALENDAR_DATE ( 2026, 4, 8 ) ;
#364 = CALENDAR_DATE ( 2026, 4, 8 ) ;
#365 = CC_DESIGN_PERSON_AND_ORGANIZATION_ASSIGNMENT ( #498, #274, ( #378 ) ) ;
#366 = LOCAL_TIME ( 5, 5, 52.00000000000000000, #1945 ) ;
#367 = DIRECTION ( 'NONE',  ( 0.000000000000000000, 1.000000000000000000, 0.000000000000000000 ) ) ;
#368 = SECURITY_CLASSIFICATION ( '', '', #1269 ) ;
#369 = ADVANCED_FACE ( 'NONE', ( #2429 ), #608, .F. ) ;
#370 = DIRECTION ( 'NONE',  ( 1.000000000000000000, 0.000000000000000000, 0.000000000000000000 ) ) ;
#371 = APPROVAL_ROLE ( '' ) ;
#372 = PERSON_AND_ORGANIZATION ( #1258, #858 ) ;
#373 = AXIS2_PLACEMENT_3D ( 'NONE', #2797, #1054, #812 ) ;
#374 = VERTEX_POINT ( 'NONE', #174 ) ;
#375 = APPLICATION_CONTEXT ( 'configuration controlled 3d designs of mechanical parts and assemblies' ) ;
#376 = CALENDAR_DATE ( 2026, 4, 8 ) ;
#377 = LINE ( 'NONE', #2133, #2174 ) ;
#378 = SECURITY_CLASSIFICATION ( '', '', #2262 ) ;
#379 = APPROVAL_DATE_TIME ( #1491, #1612 ) ;
#380 = DATE_AND_TIME ( #1289, #1978 ) ;
#381 = DIRECTION ( 'NONE',  ( 0.000000000000000000, 0.000000000000000000, -1.000000000000000000 ) ) ;
#382 = CC_DESIGN_DATE_AND_TIME_ASSIGNMENT ( #2240, #1157, ( #1254 ) ) ;
#383 = ADVANCED_BREP_SHAPE_REPRESENTATION ( '', ( #197, #373 ), #2369 ) ;
#384 =( CONVERSION_BASED_UNIT ( 'INCH', #863 ) LENGTH_UNIT ( ) NAMED_UNIT ( #2305 ) );
#385 = APPLICATION_PROTOCOL_DEFINITION ( 'international standard', 'config_control_design', 1994, #2379 ) ;
#386 =( REPRESENTATION_RELATIONSHIP ('NONE','NONE', #2345, #670 ) REPRESENTATION_RELATIONSHIP_WITH_TRANSFORMATION ( #2252 )SHAPE_REPRESENTATION_RELATIONSHIP( ) );
#387 = CC_DESIGN_PERSON_AND_ORGANIZATION_ASSIGNMENT ( #216, #2406, ( #2460 ) ) ;
#388 = APPROVAL_DATE_TIME ( #2143, #2832 ) ;
#389 = DIMENSIONAL_EXPONENTS ( 1.000000000000000000, 0.000000000000000000, 0.000000000000000000, 0.000000000000000000, 0.000000000000000000, 0.000000000000000000, 0.000000000000000000 ) ;
#390 = VERTEX_POINT ( 'NONE', #1262 ) ;
#391 =( LENGTH_UNIT ( ) NAMED_UNIT ( * ) SI_UNIT ( $, .METRE. ) );
#392 = PLANE ( 'NONE',  #1559 ) ;
#393 = CC_DESIGN_APPROVAL ( #2034, ( #1835 ) ) ;
#394 = AXIS2_PLACEMENT_3D ( 'NONE', #1070, #869, #2786 ) ;
#395 = CALENDAR_DATE ( 2026, 4, 8 ) ;
#396 = ITEM_DEFINED_TRANSFORMATION ( 'NONE', 'NONE', #995,  #373 ) ;
#397 = CC_DESIGN_APPROVAL ( #2022, ( #2531 ) ) ;
#398 = DIRECTION ( 'NONE',  ( -0.000000000000000000, -1.000000000000000000, -0.000000000000000000 ) ) ;
#399 = DESIGN_CONTEXT ( 'detailed design', #854, 'design' ) ;
#400 = CARTESIAN_POINT ( 'NONE',  ( 39.37007874015777986, 40.43197669848555620, -2.175696663456278657 ) ) ;
#401 = DATE_TIME_ROLE ( 'creation_date' ) ;
#402 = APPROVAL ( #2443, 'UNKNOWN' ) ;
#403 = AXIS2_PLACEMENT_3D ( 'NONE', #1446, #2115, #2101 ) ;
#404 = PRODUCT_DEFINITION_SHAPE ( 'NONE', 'NONE',  #2869 ) ;
#405 = DATE_AND_TIME ( #2, #229 ) ;
#406 = EDGE_LOOP ( 'NONE', ( #233, #1763, #2813, #1219 ) ) ;
#407 = EDGE_CURVE ( 'NONE', #2669, #437, #1079, .T. ) ;
#408 = ITEM_DEFINED_TRANSFORMATION ( 'NONE', 'NONE', #1606,  #373 ) ;
#409 = PLANE ( 'NONE',  #770 ) ;
#410 = PRODUCT ( 'Part5^Assem1', 'Part5^Assem1', '', ( #2139 ) ) ;
#411 = LINE ( 'NONE', #1540, #1500 ) ;
#412 = CARTESIAN_POINT ( 'NONE',  ( 39.37007874015777986, 117.9319766984855420, -2.175696663456278657 ) ) ;
#413 = CC_DESIGN_APPROVAL ( #509, ( #2185 ) ) ;
#414 = PERSON_AND_ORGANIZATION ( #1258, #858 ) ;
#415 = CC_DESIGN_APPROVAL ( #1950, ( #368 ) ) ;
#416 = CC_DESIGN_APPROVAL ( #1152, ( #2551 ) ) ;
#417 = CC_DESIGN_SECURITY_CLASSIFICATION ( #1308, ( #2873 ) ) ;
#418 = APPROVAL_DATE_TIME ( #627, #652 ) ;
#419 = DIRECTION ( 'NONE',  ( -3.491481338843133355E-15, 1.000000000000000000, 0.000000000000000000 ) ) ;
#420 = ORIENTED_EDGE ( 'NONE', *, *, #1868, .T. ) ;
#421 = CC_DESIGN_PERSON_AND_ORGANIZATION_ASSIGNMENT ( #2100, #943, ( #476 ) ) ;
#422 = CALENDAR_DATE ( 2026, 4, 8 ) ;
#423 = CARTESIAN_POINT ( 'NONE',  ( -9582.174284945485851, 223.0805877970713880, 7.462597148959528859 ) ) ;
#424 = CC_DESIGN_PERSON_AND_ORGANIZATION_ASSIGNMENT ( #2552, #1409, ( #2531 ) ) ;
#425 = COORDINATED_UNIVERSAL_TIME_OFFSET ( 5, 0, .BEHIND. ) ;
#426 = CALENDAR_DATE ( 2026, 4, 8 ) ;
#427 = DIRECTION ( 'NONE',  ( 0.000000000000000000, 0.000000000000000000, -1.000000000000000000 ) ) ;
#428 = LOCAL_TIME ( 5, 5, 52.00000000000000000, #471 ) ;
#429 = PRODUCT_DEFINITION_SHAPE ( 'NONE', 'NONE',  #2874 ) ;
#430 = UNCERTAINTY_MEASURE_WITH_UNIT (LENGTH_MEASURE( 1.000000000000000082E-05 ), #54, 'distance_accuracy_value', 'NONE');
#431 = COORDINATED_UNIVERSAL_TIME_OFFSET ( 5, 0, .BEHIND. ) ;
#432 = PRODUCT_DEFINITION_SHAPE ( 'NONE', 'NONE',  #2849 ) ;
#433 = PERSON_AND_ORGANIZATION ( #1258, #858 ) ;
#434 = CARTESIAN_POINT ( 'NONE',  ( 9621.544363685643475, -168.4767554566034846, -10.85678193649149215 ) ) ;
#435 = VERTEX_POINT ( 'NONE', #1960 ) ;
#436 = ORGANIZATION ( 'NAUO-ORG16', 'UNSPECIFIED', 'UNSPECIFIED' ) ;
#437 = VERTEX_POINT ( 'NONE', #819 ) ;
#438 = VECTOR ( 'NONE', #2515, 39.37007874015748143 ) ;
#439 = CARTESIAN_POINT ( 'NONE',  ( 16.37999999999999901, 127.8750176502398830, -11.00226213623696303 ) ) ;
#440 = CC_DESIGN_DATE_AND_TIME_ASSIGNMENT ( #318, #1164, ( #31 ) ) ;
#441 = DIRECTION ( 'NONE',  ( -0.000000000000000000, -0.000000000000000000, -1.000000000000000000 ) ) ;
#442 = LOCAL_TIME ( 5, 5, 52.00000000000000000, #2374 ) ;
#443 = LOCAL_TIME ( 5, 5, 52.00000000000000000, #1341 ) ;
#444 =( REPRESENTATION_RELATIONSHIP ('NONE','NONE', #2345, #468 ) REPRESENTATION_RELATIONSHIP_WITH_TRANSFORMATION ( #686 )SHAPE_REPRESENTATION_RELATIONSHIP( ) );
#445 = LOCAL_TIME ( 5, 5, 52.00000000000000000, #944 ) ;
#446 = LOCAL_TIME ( 5, 5, 52.00000000000000000, #1930 ) ;
#447 = SHAPE_DEFINITION_REPRESENTATION ( #2485, #2541 ) ;
#448 = PERSON_AND_ORGANIZATION ( #1258, #858 ) ;
#449 = PERSON_AND_ORGANIZATION_ROLE ( 'classification_officer' ) ;
#450 = ORIENTED_EDGE ( 'NONE', *, *, #137, .F. ) ;
#451 = VECTOR ( 'NONE', #68, 39.37007874015748143 ) ;
#452 = PERSON ( 'NAUO-PER36', 'UNSPECIFIED', 'UNSPECIFIED', ('UNSPECIFIED'), ('UNSPECIFIED'), ('UNSPECIFIED') ) ;
#453 = VECTOR ( 'NONE', #790, 39.37007874015748143 ) ;
#454 = PLANE ( 'NONE',  #526 ) ;
#455 = DATE_TIME_ROLE ( 'classification_date' ) ;
#456 = DATE_AND_TIME ( #1793, #214 ) ;
#457 = PRODUCT ( 'Cynderblock', 'Cynderblock', '', ( #2450 ) ) ;
#458 = DIRECTION ( 'NONE',  ( 0.000000000000000000, 0.000000000000000000, 1.000000000000000000 ) ) ;
#459 = APPROVAL ( #21, 'UNKNOWN' ) ;
#460 = APPROVAL_STATUS ( 'not_yet_approved' ) ;
#461 = EDGE_CURVE ( 'NONE', #492, #981, #1048, .T. ) ;
#462 = LOCAL_TIME ( 5, 5, 52.00000000000000000, #2076 ) ;
#463 = APPROVAL_ROLE ( '' ) ;
#464 = APPROVAL_DATE_TIME ( #1117, #2061 ) ;
#465 = CC_DESIGN_APPROVAL ( #524, ( #31 ) ) ;
#466 = ORIENTED_EDGE ( 'NONE', *, *, #2171, .T. ) ;
#467 = LOCAL_TIME ( 5, 5, 52.00000000000000000, #1043 ) ;
#468 = SHAPE_REPRESENTATION ( 'Cap stone', ( #373 ), #2051 ) ;
#469 = APPROVAL_PERSON_ORGANIZATION ( #2427, #2689, #237 ) ;
#470 = LINE ( 'NONE', #2695, #2571 ) ;
#471 = COORDINATED_UNIVERSAL_TIME_OFFSET ( 5, 0, .BEHIND. ) ;
#472 = DATE_AND_TIME ( #1768, #577 ) ;
#473 = CARTESIAN_POINT ( 'NONE',  ( -154.2749031762932361, 23.22237851755419413, -20.01105811084619290 ) ) ;
#474 = APPROVAL_STATUS ( 'not_yet_approved' ) ;
#475 = CC_DESIGN_PERSON_AND_ORGANIZATION_ASSIGNMENT ( #1234, #2363, ( #1527 ) ) ;
#476 = SECURITY_CLASSIFICATION ( '', '', #538 ) ;
#477 = APPROVAL_DATE_TIME ( #2474, #1074 ) ;
#478 = CC_DESIGN_PERSON_AND_ORGANIZATION_ASSIGNMENT ( #1976, #1788, ( #535 ) ) ;
#479 = PLANE ( 'NONE',  #1707 ) ;
#480 = EDGE_CURVE ( 'NONE', #997, #374, #1692, .T. ) ;
#481 = VERTEX_POINT ( 'NONE', #1291 ) ;
#482 = CARTESIAN_POINT ( 'NONE',  ( 0.000000000000000000, -7.984084880636602932, 4.688328912466843690 ) ) ;
#483 = CALENDAR_DATE ( 2026, 4, 8 ) ;
#484 = PERSON_AND_ORGANIZATION_ROLE ( 'classification_officer' ) ;
#485 = VECTOR ( 'NONE', #2246, 39.37007874015748143 ) ;
#486 = PLANE ( 'NONE',  #1100 ) ;
#487 = APPROVAL_DATE_TIME ( #2497, #1152 ) ;
#488 = SECURITY_CLASSIFICATION ( '', '', #1060 ) ;
#489 = LOCAL_TIME ( 5, 5, 52.00000000000000000, #709 ) ;
#490 = PERSON_AND_ORGANIZATION_ROLE ( 'classification_officer' ) ;
#491 = CC_DESIGN_PERSON_AND_ORGANIZATION_ASSIGNMENT ( #887, #2529, ( #1037 ) ) ;
#492 = VERTEX_POINT ( 'NONE', #1273 ) ;
#493 = ORIENTED_EDGE ( 'NONE', *, *, #2520, .T. ) ;
#494 = VECTOR ( 'NONE', #2221, 39.37007874015748143 ) ;
#495 = DIRECTION ( 'NONE',  ( 0.000000000000000000, 0.000000000000000000, -1.000000000000000000 ) ) ;
#496 = EDGE_CURVE ( 'NONE', #1902, #1053, #2150, .T. ) ;
#497 = VECTOR ( 'NONE', #320, 39.37007874015748143 ) ;
#498 = PERSON_AND_ORGANIZATION ( #866, #1915 ) ;
#499 = COORDINATED_UNIVERSAL_TIME_OFFSET ( 5, 0, .BEHIND. ) ;
#500 =( REPRESENTATION_RELATIONSHIP ('NONE','NONE', #2345, #2541 ) REPRESENTATION_RELATIONSHIP_WITH_TRANSFORMATION ( #1303 )SHAPE_REPRESENTATION_RELATIONSHIP( ) );
#501 = FACE_OUTER_BOUND ( 'NONE', #1038, .T. ) ;
#502 = COORDINATED_UNIVERSAL_TIME_OFFSET ( 5, 0, .BEHIND. ) ;
#503 = PERSON_AND_ORGANIZATION ( #1258, #858 ) ;
#504 = PERSON_AND_ORGANIZATION ( #98, #2491 ) ;
#505 = ORGANIZATION ( 'NAUO-ORG1', 'UNSPECIFIED', 'UNSPECIFIED' ) ;
#506 = ORIENTED_EDGE ( 'NONE', *, *, #1101, .F. ) ;
#507 = DIRECTION ( 'NONE',  ( 0.000000000000000000, 0.000000000000000000, -1.000000000000000000 ) ) ;
#508 = ORGANIZATION ( 'NAUO-ORG21', 'UNSPECIFIED', 'UNSPECIFIED' ) ;
#509 = APPROVAL ( #2343, 'UNSPECIFIED' ) ;
#510 = SECURITY_CLASSIFICATION_LEVEL ( 'unclassified' ) ;
#511 = ITEM_DEFINED_TRANSFORMATION ( 'NONE', 'NONE', #632,  #373 ) ;
#512 = PRODUCT_RELATED_PRODUCT_CATEGORY ( 'detail', '', ( #2182 ) ) ;
#513 = CARTESIAN_POINT ( 'NONE',  ( -9.370628073632953914, -11.00121272966391750, -17.68094323210939578 ) ) ;
#514 = APPROVAL_ROLE ( '' ) ;
#515 = APPROVAL_STATUS ( 'not_yet_approved' ) ;
#516 = ITEM_DEFINED_TRANSFORMATION ( 'NONE', 'NONE', #58,  #373 ) ;
#517 = PERSON_AND_ORGANIZATION ( #1258, #858 ) ;
#518 = LOCAL_TIME ( 5, 5, 52.00000000000000000, #223 ) ;
#519 = VERTEX_POINT ( 'NONE', #1047 ) ;
#520 = PLANE ( 'NONE',  #1507 ) ;
#521 = APPROVAL_DATE_TIME ( #754, #2222 ) ;
#522 = DATE_AND_TIME ( #1837, #445 ) ;
#523 = DIRECTION ( 'NONE',  ( 1.000000000000000000, 0.000000000000000000, 0.000000000000000000 ) ) ;
#524 = APPROVAL ( #1620, 'UNKNOWN' ) ;
#525 = FACE_OUTER_BOUND ( 'NONE', #1011, .T. ) ;
#526 = AXIS2_PLACEMENT_3D ( 'NONE', #2033, #1561, #714 ) ;
#527 = ITEM_DEFINED_TRANSFORMATION ( 'NONE', 'NONE', #811,  #373 ) ;
#528 = DATE_AND_TIME ( #2521, #2547 ) ;
#529 = EDGE_CURVE ( 'NONE', #1053, #481, #1092, .T. ) ;
#530 = COORDINATED_UNIVERSAL_TIME_OFFSET ( 5, 0, .BEHIND. ) ;
#531 = PERSON_AND_ORGANIZATION ( #1258, #858 ) ;
#532 = SECURITY_CLASSIFICATION ( '', '', #1423 ) ;
#533 = AXIS2_PLACEMENT_3D ( 'NONE', #973, #2435, #2368 ) ;
#534 =( REPRESENTATION_RELATIONSHIP ('NONE','NONE', #2345, #468 ) REPRESENTATION_RELATIONSHIP_WITH_TRANSFORMATION ( #527 )SHAPE_REPRESENTATION_RELATIONSHIP( ) );
#535 = PRODUCT_DEFINITION_FORMATION_WITH_SPECIFIED_SOURCE ( 'ANY', '', #1367, .NOT_KNOWN. ) ;
#536 = ORIENTED_EDGE ( 'NONE', *, *, #100, .F. ) ;
#537 = CARTESIAN_POINT ( 'NONE',  ( -9.370628073632953914, -37.39619507942415311, 12.31905676789047277 ) ) ;
#538 = SECURITY_CLASSIFICATION_LEVEL ( 'unclassified' ) ;
#539 = CALENDAR_DATE ( 2026, 4, 8 ) ;
#540 = DIRECTION ( 'NONE',  ( 0.000000000000000000, 1.000000000000000000, 0.000000000000000000 ) ) ;
#541 = AXIS2_PLACEMENT_3D ( 'NONE', #1360, #1153, #2038 ) ;
#542 = DATE_AND_TIME ( #2532, #880 ) ;
#543 = DATE_TIME_ROLE ( 'classification_date' ) ;
#544 = DIRECTION ( 'NONE',  ( -1.000000000000000000, -0.000000000000000000, -0.000000000000000000 ) ) ;
#545 = CC_DESIGN_PERSON_AND_ORGANIZATION_ASSIGNMENT ( #2427, #1752, ( #969 ) ) ;
#546 = DATE_TIME_ROLE ( 'creation_date' ) ;
#547 = ADVANCED_FACE ( 'NONE', ( #1063 ), #147, .T. ) ;
#548 = DATE_AND_TIME ( #2540, #1485 ) ;
#549 = ORIENTED_EDGE ( 'NONE', *, *, #480, .F. ) ;
#550 = DIRECTION ( 'NONE',  ( -1.000000000000000000, -0.000000000000000000, -0.000000000000000000 ) ) ;
#551 = PERSON ( 'NAUO-PER8', 'UNSPECIFIED', 'UNSPECIFIED', ('UNSPECIFIED'), ('UNSPECIFIED'), ('UNSPECIFIED') ) ;
#552 = DATE_AND_TIME ( #2784, #2337 ) ;
#553 = LOCAL_TIME ( 5, 5, 52.00000000000000000, #1498 ) ;
#554 = CONTEXT_DEPENDENT_SHAPE_REPRESENTATION ( #2037, #5 ) ;
#555 = SECURITY_CLASSIFICATION ( '', '', #2509 ) ;
#556 = CARTESIAN_POINT ( 'NONE',  ( 0.000000000000000000, -7.984084880636602932, 4.688328912466843690 ) ) ;
#557 = CC_DESIGN_APPROVAL ( #165, ( #2736 ) ) ;
#558 = SECURITY_CLASSIFICATION ( '', '', #145 ) ;
#559 = PERSON_AND_ORGANIZATION ( #1258, #858 ) ;
#560 = PLANE ( 'NONE',  #2498 ) ;
#561 = COORDINATED_UNIVERSAL_TIME_OFFSET ( 5, 0, .BEHIND. ) ;
#562 = CC_DESIGN_DATE_AND_TIME_ASSIGNMENT ( #1583, #2046, ( #693 ) ) ;
#563 = PERSON_AND_ORGANIZATION_ROLE ( 'creator' ) ;
#564 = EDGE_LOOP ( 'NONE', ( #2598, #2285, #2329, #780 ) ) ;
#565 = PLANE ( 'NONE',  #746 ) ;
#566 = EDGE_CURVE ( 'NONE', #284, #656, #2390, .T. ) ;
#567 = DIRECTION ( 'NONE',  ( 1.000000000000000000, 0.000000000000000000, 0.000000000000000000 ) ) ;
#568 = DIRECTION ( 'NONE',  ( -0.000000000000000000, -0.000000000000000000, 1.000000000000000000 ) ) ;
#569 = CALENDAR_DATE ( 2026, 4, 8 ) ;
#570 = DIRECTION ( 'NONE',  ( 1.000000000000000000, 0.000000000000000000, 0.000000000000000000 ) ) ;
#571 =( CONVERSION_BASED_UNIT ( 'INCH', #1857 ) LENGTH_UNIT ( ) NAMED_UNIT ( #389 ) );
#572 = SECURITY_CLASSIFICATION ( '', '', #1024 ) ;
#573 = APPROVAL_DATE_TIME ( #2340, #76 ) ;
#574 = AXIS2_PLACEMENT_3D ( 'NONE', #1864, #768, #1657 ) ;
#575 = CC_DESIGN_PERSON_AND_ORGANIZATION_ASSIGNMENT ( #841, #1503, ( #2209 ) ) ;
#576 = DATE_TIME_ROLE ( 'classification_date' ) ;
#577 = LOCAL_TIME ( 5, 5, 52.00000000000000000, #2469 ) ;
#578 = ORIENTED_EDGE ( 'NONE', *, *, #1495, .T. ) ;
#579 = AXIS2_PLACEMENT_3D ( 'NONE', #1776, #1762, #2641 ) ;
#580 = APPROVAL_PERSON_ORGANIZATION ( #1413, #791, #755 ) ;
#581 = CC_DESIGN_APPROVAL ( #986, ( #535 ) ) ;
#582 = APPROVAL ( #1045, 'UNKNOWN' ) ;
#583 = PERSON_AND_ORGANIZATION ( #452, #1407 ) ;
#584 = SECURITY_CLASSIFICATION_LEVEL ( 'unclassified' ) ;
#585 = DIRECTION ( 'NONE',  ( -3.491481338843133355E-15, 1.000000000000000000, 0.000000000000000000 ) ) ;
#586 = LINE ( 'NONE', #1029, #1002 ) ;
#587 = EDGE_CURVE ( 'NONE', #1876, #1159, #2415, .T. ) ;
#588 = CALENDAR_DATE ( 2026, 4, 8 ) ;
#589 = APPROVAL_ROLE ( '' ) ;
#590 = DIRECTION ( 'NONE',  ( -1.000000000000000000, -0.000000000000000000, -0.000000000000000000 ) ) ;
#591 = VECTOR ( 'NONE', #590, 39.37007874015748143 ) ;
#592 = PERSON ( 'NAUO-PER6', 'UNSPECIFIED', 'UNSPECIFIED', ('UNSPECIFIED'), ('UNSPECIFIED'), ('UNSPECIFIED') ) ;
#593 =( NAMED_UNIT ( * ) PLANE_ANGLE_UNIT ( ) SI_UNIT ( $, .RADIAN. ) );
#594 = PERSON_AND_ORGANIZATION ( #1258, #858 ) ;
#595 =( REPRESENTATION_RELATIONSHIP ('NONE','NONE', #2345, #2541 ) REPRESENTATION_RELATIONSHIP_WITH_TRANSFORMATION ( #900 )SHAPE_REPRESENTATION_RELATIONSHIP( ) );
#596 = AXIS2_PLACEMENT_3D ( 'NONE', #624, #1466, #194 ) ;
#597 = EDGE_LOOP ( 'NONE', ( #466, #450, #1160, #643 ) ) ;
#598 = APPROVAL_DATE_TIME ( #552, #707 ) ;
#599 = APPROVAL_ROLE ( '' ) ;
#600 = CARTESIAN_POINT ( 'NONE',  ( -9584.174284945485851, 223.0805877970713880, 14.24024829653508384 ) ) ;
#601 = CC_DESIGN_DATE_AND_TIME_ASSIGNMENT ( #1512, #217, ( #1715 ) ) ;
#602 = APPROVAL_PERSON_ORGANIZATION ( #838, #652, #463 ) ;
#603 = PERSON_AND_ORGANIZATION ( #1494, #696 ) ;
#604 = PRODUCT_RELATED_PRODUCT_CATEGORY ( 'detail', '', ( #1125 ) ) ;
#605 = APPROVAL_DATE_TIME ( #1272, #2132 ) ;
#606 = CC_DESIGN_SECURITY_CLASSIFICATION ( #1809, ( #2863 ) ) ;
#607 = CC_DESIGN_SECURITY_CLASSIFICATION ( #2215, ( #535 ) ) ;
#608 = PLANE ( 'NONE',  #69 ) ;
#609 = CC_DESIGN_APPROVAL ( #1612, ( #558 ) ) ;
#610 =( NAMED_UNIT ( * ) PLANE_ANGLE_UNIT ( ) SI_UNIT ( $, .RADIAN. ) );
#611 = DATE_AND_TIME ( #837, #215 ) ;
#612 = APPLICATION_PROTOCOL_DEFINITION ( 'international standard', 'config_control_design', 1994, #2078 ) ;
#613 = ORIENTED_EDGE ( 'NONE', *, *, #1883, .T. ) ;
#614 = LINE ( 'NONE', #2599, #655 ) ;
#615 = APPROVAL_DATE_TIME ( #2799, #2778 ) ;
#616 = DATE_TIME_ROLE ( 'classification_date' ) ;
#617 = PRODUCT_DEFINITION_SHAPE ( 'NONE', 'NONE',  #2878 ) ;
#618 = LINE ( 'NONE', #362, #1426 ) ;
#619 = CC_DESIGN_SECURITY_CLASSIFICATION ( #283, ( #2876 ) ) ;
#620 = DATE_AND_TIME ( #2148, #2466 ) ;
#621 = CC_DESIGN_PERSON_AND_ORGANIZATION_ASSIGNMENT ( #1971, #173, ( #2449 ) ) ;
#622 = PERSON_AND_ORGANIZATION_ROLE ( 'classification_officer' ) ;
#623 = DIRECTION ( 'NONE',  ( -1.000000000000000000, 0.000000000000000000, 0.000000000000000000 ) ) ;
#624 = CARTESIAN_POINT ( 'NONE',  ( 0.000000000000000000, 0.000000000000000000, 0.000000000000000000 ) ) ;
#625 = COORDINATED_UNIVERSAL_TIME_OFFSET ( 5, 0, .BEHIND. ) ;
#626 = VECTOR ( 'NONE', #1204, 39.37007874015748143 ) ;
#627 = DATE_AND_TIME ( #1729, #1156 ) ;
#628 = ORIENTED_EDGE ( 'NONE', *, *, #350, .T. ) ;
#629 = DATE_TIME_ROLE ( 'classification_date' ) ;
#630 = LINE ( 'NONE', #2802, #1656 ) ;
#631 = VERTEX_POINT ( 'NONE', #342 ) ;
#632 = AXIS2_PLACEMENT_3D ( 'NONE', #1209, #1402, #523 ) ;
#633 = COORDINATED_UNIVERSAL_TIME_OFFSET ( 5, 0, .BEHIND. ) ;
#634 = APPROVAL_DATE_TIME ( #1957, #1435 ) ;
#635 = DIRECTION ( 'NONE',  ( -0.000000000000000000, -1.000000000000000000, -0.000000000000000000 ) ) ;
#636 = CARTESIAN_POINT ( 'NONE',  ( 39.37007874015777986, 102.4319766984855420, -2.175696663456278657 ) ) ;
#637 = APPROVAL_ROLE ( '' ) ;
#638 = AXIS2_PLACEMENT_3D ( 'NONE', #2836, #623, #1321 ) ;
#639 = CLOSED_SHELL ( 'NONE', ( #2120, #906, #2244, #848, #1319, #2709 ) ) ;
#640 = PERSON_AND_ORGANIZATION_ROLE ( 'creator' ) ;
#641 = CC_DESIGN_PERSON_AND_ORGANIZATION_ASSIGNMENT ( #1375, #265, ( #2551 ) ) ;
#642 = DIRECTION ( 'NONE',  ( -3.491481338843133355E-15, 1.000000000000000000, 0.000000000000000000 ) ) ;
#643 = ORIENTED_EDGE ( 'NONE', *, *, #1615, .T. ) ;
#644 = DATE_AND_TIME ( #422, #785 ) ;
#645 = CARTESIAN_POINT ( 'NONE',  ( 5.750000000000000000, 14.16554222386649009, 6.252773296258497204 ) ) ;
#646 = APPROVAL_STATUS ( 'not_yet_approved' ) ;
#647 = DIRECTION ( 'NONE',  ( -1.000000000000000000, -0.000000000000000000, -0.000000000000000000 ) ) ;
#648 = SECURITY_CLASSIFICATION ( '', '', #2156 ) ;
#649 = DATE_AND_TIME ( #2584, #2808 ) ;
#650 = CC_DESIGN_SECURITY_CLASSIFICATION ( #555, ( #2864 ) ) ;
#651 = APPROVAL_DATE_TIME ( #868, #862 ) ;
#652 = APPROVAL ( #2640, 'UNSPECIFIED' ) ;
#653 = DIRECTION ( 'NONE',  ( -3.491481338843133355E-15, 1.000000000000000000, 0.000000000000000000 ) ) ;
#654 = ORIENTED_EDGE ( 'NONE', *, *, #327, .F. ) ;
#655 = VECTOR ( 'NONE', #2557, 39.37007874015748143 ) ;
#656 = VERTEX_POINT ( 'NONE', #2617 ) ;
#657 = DIRECTION ( 'NONE',  ( -1.000000000000000000, -0.000000000000000000, -0.000000000000000000 ) ) ;
#658 = ADVANCED_FACE ( 'NONE', ( #1737 ), #2402, .F. ) ;
#659 = DATE_AND_TIME ( #1588, #927 ) ;
#660 = CALENDAR_DATE ( 2026, 4, 8 ) ;
#661 = FACE_OUTER_BOUND ( 'NONE', #2107, .T. ) ;
#662 = CC_DESIGN_SECURITY_CLASSIFICATION ( #1871, ( #2878 ) ) ;
#663 = PRODUCT_DEFINITION_SHAPE ( 'NONE', 'NONE',  #2879 ) ;
#664 = UNCERTAINTY_MEASURE_WITH_UNIT (LENGTH_MEASURE( 1.000000000000000082E-05 ), #2128, 'distance_accuracy_value', 'NONE');
#665 = APPROVAL_DATE_TIME ( #1990, #1808 ) ;
#666 = PRODUCT ( 'Part1^Assem1', 'Part1^Assem1', '', ( #2089 ) ) ;
#667 = PERSON_AND_ORGANIZATION ( #1258, #858 ) ;
#668 = CARTESIAN_POINT ( 'NONE',  ( 9621.544363685643475, -106.4767554566034704, -10.85678193649149215 ) ) ;
#669 = ORIENTED_EDGE ( 'NONE', *, *, #794, .T. ) ;
#670 = SHAPE_REPRESENTATION ( 'Cynderblock', ( #373 ), #2096 ) ;
#671 = DIRECTION ( 'NONE',  ( -0.000000000000000000, -1.000000000000000000, -0.000000000000000000 ) ) ;
#672 = CALENDAR_DATE ( 2026, 4, 8 ) ;
#673 = COORDINATED_UNIVERSAL_TIME_OFFSET ( 5, 0, .BEHIND. ) ;
#674 = EDGE_CURVE ( 'NONE', #1902, #1342, #2031, .T. ) ;
#675 = CARTESIAN_POINT ( 'NONE',  ( -9582.174284945485851, 223.0805877970713880, 14.24024829653508384 ) ) ;
#676 = CC_DESIGN_APPROVAL ( #2132, ( #488 ) ) ;
#677 = APPROVAL_PERSON_ORGANIZATION ( #517, #1420, #74 ) ;
#678 = LOCAL_TIME ( 5, 5, 52.00000000000000000, #1639 ) ;
#679 = COORDINATED_UNIVERSAL_TIME_OFFSET ( 5, 0, .BEHIND. ) ;
#680 = PERSON_AND_ORGANIZATION ( #1258, #858 ) ;
#681 = DATE_AND_TIME ( #1786, #443 ) ;
#682 = ORIENTED_EDGE ( 'NONE', *, *, #2099, .F. ) ;
#683 = VECTOR ( 'NONE', #441, 39.37007874015748143 ) ;
#684 =( REPRESENTATION_RELATIONSHIP ('NONE','NONE', #2345, #468 ) REPRESENTATION_RELATIONSHIP_WITH_TRANSFORMATION ( #1488 )SHAPE_REPRESENTATION_RELATIONSHIP( ) );
#685 = FACE_OUTER_BOUND ( 'NONE', #883, .T. ) ;
#686 = ITEM_DEFINED_TRANSFORMATION ( 'NONE', 'NONE', #1836,  #373 ) ;
#687 = CC_DESIGN_PERSON_AND_ORGANIZATION_ASSIGNMENT ( #1113, #2002, ( #2203 ) ) ;
#688 = DIRECTION ( 'NONE',  ( 0.000000000000000000, 0.000000000000000000, -1.000000000000000000 ) ) ;
#689 = CC_DESIGN_PERSON_AND_ORGANIZATION_ASSIGNMENT ( #2269, #937, ( #1761 ) ) ;
#690 = APPLICATION_PROTOCOL_DEFINITION ( 'international standard', 'config_control_design', 1994, #1397 ) ;
#691 = PRODUCT_DEFINITION_SHAPE ( 'NONE', 'NONE',  #813 ) ;
#692 = EDGE_CURVE ( 'NONE', #2751, #631, #2163, .T. ) ;
#693 = SECURITY_CLASSIFICATION ( '', '', #26 ) ;
#694 = CALENDAR_DATE ( 2026, 4, 8 ) ;
#695 = CARTESIAN_POINT ( 'NONE',  ( 0.000000000000000000, 0.000000000000000000, 0.000000000000000000 ) ) ;
#696 = ORGANIZATION ( 'NAUO-ORG25', 'UNSPECIFIED', 'UNSPECIFIED' ) ;
#697 = ORIENTED_EDGE ( 'NONE', *, *, #759, .F. ) ;
#698 = LOCAL_TIME ( 5, 5, 52.00000000000000000, #2484 ) ;
#699 = CC_DESIGN_APPROVAL ( #2689, ( #969 ) ) ;
#700 = ORIENTED_EDGE ( 'NONE', *, *, #692, .F. ) ;
#701 = CARTESIAN_POINT ( 'NONE',  ( 5.750000000000000000, 14.16554222386649009, -1.247226703741503462 ) ) ;
#702 = SECURITY_CLASSIFICATION_LEVEL ( 'unclassified' ) ;
#703 = APPROVAL_STATUS ( 'not_yet_approved' ) ;
#704 = DIRECTION ( 'NONE',  ( 0.000000000000000000, -1.000000000000000000, -8.741913579725642299E-16 ) ) ;
#705 = CC_DESIGN_DATE_AND_TIME_ASSIGNMENT ( #2302, #1222, ( #942 ) ) ;
#706 = DATE_AND_TIME ( #2266, #316 ) ;
#707 = APPROVAL ( #2111, 'UNKNOWN' ) ;
#708 = LOCAL_TIME ( 5, 5, 52.00000000000000000, #125 ) ;
#709 = COORDINATED_UNIVERSAL_TIME_OFFSET ( 5, 0, .BEHIND. ) ;
#710 = PERSON_AND_ORGANIZATION ( #1258, #858 ) ;
#711 = ORIENTED_EDGE ( 'NONE', *, *, #2353, .F. ) ;
#712 = EDGE_CURVE ( 'NONE', #435, #390, #1032, .T. ) ;
#713 = ORIENTED_EDGE ( 'NONE', *, *, #2192, .T. ) ;
#714 = DIRECTION ( 'NONE',  ( 0.000000000000000000, -0.000000000000000000, 1.000000000000000000 ) ) ;
#715 = LOCAL_TIME ( 5, 5, 52.00000000000000000, #2056 ) ;
#716 = APPROVAL_STATUS ( 'not_yet_approved' ) ;
#717 = CALENDAR_DATE ( 2026, 4, 8 ) ;
#718 = LINE ( 'NONE', #1109, #494 ) ;
#719 = DATE_AND_TIME ( #1826, #1114 ) ;
#720 = CALENDAR_DATE ( 2026, 4, 8 ) ;
#721 = ORGANIZATION ( 'NAUO-ORG8', 'UNSPECIFIED', 'UNSPECIFIED' ) ;
#722 = AXIS2_PLACEMENT_3D ( 'NONE', #1086, #127, #1103 ) ;
#723 = CALENDAR_DATE ( 2026, 4, 8 ) ;
#724 = PERSON_AND_ORGANIZATION ( #1258, #858 ) ;
#725 = PRODUCT_DEFINITION_SHAPE ( 'NONE', 'NONE',  #2859 ) ;
#726 = APPROVAL ( #304, 'UNSPECIFIED' ) ;
#727 = CC_DESIGN_PERSON_AND_ORGANIZATION_ASSIGNMENT ( #594, #39, ( #2215 ) ) ;
#728 = ORIENTED_EDGE ( 'NONE', *, *, #7, .T. ) ;
#729 = FACE_OUTER_BOUND ( 'NONE', #823, .T. ) ;
#730 = PERSON ( 'NAUO-PER5', 'UNSPECIFIED', 'UNSPECIFIED', ('UNSPECIFIED'), ('UNSPECIFIED'), ('UNSPECIFIED') ) ;
#731 = PERSON_AND_ORGANIZATION_ROLE ( 'classification_officer' ) ;
#732 = CARTESIAN_POINT ( 'NONE',  ( 5.750000000000000000, 14.16554222386649009, 6.252773296258497204 ) ) ;
#733 = ITEM_DEFINED_TRANSFORMATION ( 'NONE', 'NONE', #1233,  #373 ) ;
#734 = PERSON_AND_ORGANIZATION_ROLE ( 'design_supplier' ) ;
#735 = PRODUCT_DEFINITION_SHAPE ( 'NONE', 'NONE',  #2847 ) ;
#736 = COORDINATED_UNIVERSAL_TIME_OFFSET ( 5, 0, .BEHIND. ) ;
#737 = APPROVAL_STATUS ( 'not_yet_approved' ) ;
#738 = CC_DESIGN_PERSON_AND_ORGANIZATION_ASSIGNMENT ( #2604, #622, ( #488 ) ) ;
#739 = ORGANIZATION ( 'NAUO-ORG2', 'UNSPECIFIED', 'UNSPECIFIED' ) ;
#740 = VERTEX_POINT ( 'NONE', #160 ) ;
#741 = CARTESIAN_POINT ( 'NONE',  ( 0.000000000000000000, -8.550000000000038014, 22.62992125984275660 ) ) ;
#742 = DIRECTION ( 'NONE',  ( 0.000000000000000000, 0.000000000000000000, 1.000000000000000000 ) ) ;
#743 = APPROVAL_STATUS ( 'not_yet_approved' ) ;
#744 = DIRECTION ( 'NONE',  ( 0.000000000000000000, 1.000000000000000000, 0.000000000000000000 ) ) ;
#745 = PERSON_AND_ORGANIZATION ( #1357, #314 ) ;
#746 = AXIS2_PLACEMENT_3D ( 'NONE', #1501, #2366, #1732 ) ;
#747 = DATE_AND_TIME ( #976, #2596 ) ;
#748 = LENGTH_MEASURE_WITH_UNIT ( LENGTH_MEASURE( 0.02539999999999999897 ), #322 );
#749 = ITEM_DEFINED_TRANSFORMATION ( 'NONE', 'NONE', #1560,  #373 ) ;
#750 = SHAPE_DEFINITION_REPRESENTATION ( #2086, #2345 ) ;
#751 = ORGANIZATION ( 'NAUO-ORG30', 'UNSPECIFIED', 'UNSPECIFIED' ) ;
#752 = ORIENTED_EDGE ( 'NONE', *, *, #1994, .T. ) ;
#753 = DIRECTION ( 'NONE',  ( 1.000000000000000000, -0.000000000000000000, 0.000000000000000000 ) ) ;
#754 = DATE_AND_TIME ( #930, #1636 ) ;
#755 = APPROVAL_ROLE ( '' ) ;
#756 = LINE ( 'NONE', #315, #451 ) ;
#757 = VECTOR ( 'NONE', #6, 39.37007874015748143 ) ;
#758 = PERSON_AND_ORGANIZATION_ROLE ( 'classification_officer' ) ;
#759 = EDGE_CURVE ( 'NONE', #390, #2669, #2821, .T. ) ;
#760 = PERSON_AND_ORGANIZATION_ROLE ( 'creator' ) ;
#761 = CARTESIAN_POINT ( 'NONE',  ( -154.2749031762932361, -36.27762148244581653, -20.01105811084619290 ) ) ;
#762 = APPROVAL_DATE_TIME ( #2746, #2780 ) ;
#763 = CC_DESIGN_SECURITY_CLASSIFICATION ( #57, ( #2851 ) ) ;
#764 = AXIS2_PLACEMENT_3D ( 'NONE', #1312, #2200, #198 ) ;
#765 = PERSON_AND_ORGANIZATION ( #1258, #858 ) ;
#766 = APPROVAL_PERSON_ORGANIZATION ( #1310, #1116, #637 ) ;
#767 = VERTEX_POINT ( 'NONE', #1726 ) ;
#768 = DIRECTION ( 'NONE',  ( -1.000000000000000000, 0.000000000000000000, 0.000000000000000000 ) ) ;
#769 = SECURITY_CLASSIFICATION_LEVEL ( 'unclassified' ) ;
#770 = AXIS2_PLACEMENT_3D ( 'NONE', #423, #1300, #1956 ) ;
#771 = CARTESIAN_POINT ( 'NONE',  ( 16.37999999999999901, 0.000000000000000000, 0.000000000000000000 ) ) ;
#772 = AXIS2_PLACEMENT_3D ( 'NONE', #2483, #239, #2057 ) ;
#773 = COORDINATED_UNIVERSAL_TIME_OFFSET ( 5, 0, .BEHIND. ) ;
#774 = APPROVAL ( #1785, 'UNKNOWN' ) ;
#775 = COORDINATED_UNIVERSAL_TIME_OFFSET ( 5, 0, .BEHIND. ) ;
#776 = CARTESIAN_POINT ( 'NONE',  ( 11.50000000000000000, -7.984084880636602932, 4.688328912466843690 ) ) ;
#777 = PRODUCT_DEFINITION ( 'UNKNOWN', '', #535, #134 ) ;
#778 = APPROVAL_ROLE ( '' ) ;
#779 = EDGE_CURVE ( 'NONE', #2243, #270, #718, .T. ) ;
#780 = ORIENTED_EDGE ( 'NONE', *, *, #1919, .F. ) ;
#781 = LINE ( 'NONE', #2768, #202 ) ;
#782 = CC_DESIGN_APPROVAL ( #2501, ( #1723 ) ) ;
#783 = PERSON_AND_ORGANIZATION_ROLE ( 'classification_officer' ) ;
#784 = CARTESIAN_POINT ( 'NONE',  ( 9621.544363685643475, -75.47675545660348462, -10.85678193649149215 ) ) ;
#785 = LOCAL_TIME ( 5, 5, 52.00000000000000000, #2424 ) ;
#786 = CARTESIAN_POINT ( 'NONE',  ( -154.2749031762932361, 0.000000000000000000, 0.000000000000000000 ) ) ;
#787 = CC_DESIGN_APPROVAL ( #2567, ( #1306 ) ) ;
#788 = LOCAL_TIME ( 5, 5, 52.00000000000000000, #2819 ) ;
#789 = PERSON_AND_ORGANIZATION ( #1258, #858 ) ;
#790 = DIRECTION ( 'NONE',  ( -1.000000000000000000, -0.000000000000000000, -0.000000000000000000 ) ) ;
#791 = APPROVAL ( #1192, 'UNKNOWN' ) ;
#792 = CALENDAR_DATE ( 2026, 4, 8 ) ;
#793 = APPROVAL ( #1520, 'UNKNOWN' ) ;
#794 = EDGE_CURVE ( 'NONE', #981, #740, #2249, .T. ) ;
#795 = DIMENSIONAL_EXPONENTS ( 1.000000000000000000, 0.000000000000000000, 0.000000000000000000, 0.000000000000000000, 0.000000000000000000, 0.000000000000000000, 0.000000000000000000 ) ;
#796 = ORIENTED_EDGE ( 'NONE', *, *, #480, .T. ) ;
#797 = CC_DESIGN_APPROVAL ( #2222, ( #283 ) ) ;
#798 = PERSON_AND_ORGANIZATION_ROLE ( 'classification_officer' ) ;
#799 = CONTEXT_DEPENDENT_SHAPE_REPRESENTATION ( #684, #1938 ) ;
#800 = DIRECTION ( 'NONE',  ( 0.000000000000000000, 0.000000000000000000, 1.000000000000000000 ) ) ;
#801 = DIRECTION ( 'NONE',  ( 0.000000000000000000, 0.000000000000000000, 1.000000000000000000 ) ) ;
#802 = PERSON_AND_ORGANIZATION_ROLE ( 'classification_officer' ) ;
#803 = DATE_TIME_ROLE ( 'classification_date' ) ;
#804 = LINE ( 'NONE', #104, #497 ) ;
#805 = APPROVAL ( #2378, 'UNSPECIFIED' ) ;
#806 = APPROVAL_ROLE ( '' ) ;
#807 = PERSON_AND_ORGANIZATION ( #1258, #858 ) ;
#808 = APPROVAL ( #2394, 'UNSPECIFIED' ) ;
#809 =( REPRESENTATION_RELATIONSHIP ('NONE','NONE', #2345, #670 ) REPRESENTATION_RELATIONSHIP_WITH_TRANSFORMATION ( #2833 )SHAPE_REPRESENTATION_RELATIONSHIP( ) );
#810 = ORIENTED_EDGE ( 'NONE', *, *, #2607, .T. ) ;
#811 = AXIS2_PLACEMENT_3D ( 'NONE', #2333, #1458, #2351 ) ;
#812 = DIRECTION ( 'NONE',  ( 1.000000000000000000, 0.000000000000000000, 0.000000000000000000 ) ) ;
#813 = PRODUCT_DEFINITION ( 'UNKNOWN', '', #2531, #2001 ) ;
#814 = LOCAL_TIME ( 5, 5, 52.00000000000000000, #1162 ) ;
#815 = APPROVAL_PERSON_ORGANIZATION ( #2473, #1808, #2044 ) ;
#816 = DIRECTION ( 'NONE',  ( 0.000000000000000000, 0.000000000000000000, 1.000000000000000000 ) ) ;
#817 = COORDINATED_UNIVERSAL_TIME_OFFSET ( 5, 0, .BEHIND. ) ;
#818 = CALENDAR_DATE ( 2026, 4, 8 ) ;
#819 = CARTESIAN_POINT ( 'NONE',  ( -155.6749031762932418, -36.27762148244581653, -25.53011783130363455 ) ) ;
#820 = VECTOR ( 'NONE', #2277, 39.37007874015748143 ) ;
#821 = CARTESIAN_POINT ( 'NONE',  ( 35.03609927962803994, 17.27695703974682573, 0.6407477203353908468 ) ) ;
#822 = DATE_AND_TIME ( #2622, #446 ) ;
#823 = EDGE_LOOP ( 'NONE', ( #2052, #2145, #810, #940 ) ) ;
#824 = DIRECTION ( 'NONE',  ( 0.000000000000000000, -8.741913579725642299E-16, 1.000000000000000000 ) ) ;
#825 = CC_DESIGN_DATE_AND_TIME_ASSIGNMENT ( #1046, #2194, ( #2449 ) ) ;
#826 = APPROVAL_DATE_TIME ( #2173, #1950 ) ;
#827 = DIRECTION ( 'NONE',  ( 0.000000000000000000, -0.000000000000000000, 1.000000000000000000 ) ) ;
#828 = CC_DESIGN_APPROVAL ( #896, ( #1996 ) ) ;
#829 = APPROVAL_ROLE ( '' ) ;
#830 = PERSON_AND_ORGANIZATION_ROLE ( 'classification_officer' ) ;
#831 = SECURITY_CLASSIFICATION ( '', '', #584 ) ;
#832 = EDGE_CURVE ( 'NONE', #767, #1600, #2000, .T. ) ;
#833 = CC_DESIGN_SECURITY_CLASSIFICATION ( #1306, ( #2551 ) ) ;
#834 = CARTESIAN_POINT ( 'NONE',  ( -155.6749031762932418, -36.27762148244581653, -20.01105811084619290 ) ) ;
#835 = SECURITY_CLASSIFICATION ( '', '', #2413 ) ;
#836 = DIMENSIONAL_EXPONENTS ( 1.000000000000000000, 0.000000000000000000, 0.000000000000000000, 0.000000000000000000, 0.000000000000000000, 0.000000000000000000, 0.000000000000000000 ) ;
#837 = CALENDAR_DATE ( 2026, 4, 8 ) ;
#838 = PERSON_AND_ORGANIZATION ( #1258, #858 ) ;
#839 = VERTEX_POINT ( 'NONE', #2494 ) ;
#840 = CARTESIAN_POINT ( 'NONE',  ( 0.000000000000000000, 9.515915119363397068, 3.438328912466843690 ) ) ;
#841 = PERSON_AND_ORGANIZATION ( #1251, #436 ) ;
#842 = LINE ( 'NONE', #2191, #1519 ) ;
#843 = APPROVAL_PERSON_ORGANIZATION ( #110, #2778, #1286 ) ;
#844 = PERSON_AND_ORGANIZATION ( #899, #2325 ) ;
#845 = COORDINATED_UNIVERSAL_TIME_OFFSET ( 5, 0, .BEHIND. ) ;
#846 = CC_DESIGN_PERSON_AND_ORGANIZATION_ASSIGNMENT ( #984, #957, ( #1591 ) ) ;
#847 = CARTESIAN_POINT ( 'NONE',  ( -9582.174284945485851, 223.0805877970713880, 14.24024829653508384 ) ) ;
#848 = ADVANCED_FACE ( 'NONE', ( #2264 ), #2471, .F. ) ;
#849 = DIRECTION ( 'NONE',  ( 1.000000000000000000, 0.000000000000000000, 0.000000000000000000 ) ) ;
#850 = PERSON_AND_ORGANIZATION ( #1258, #858 ) ;
#851 = DATE_AND_TIME ( #2666, #2723 ) ;
#852 = DIRECTION ( 'NONE',  ( 0.000000000000000000, 0.000000000000000000, 1.000000000000000000 ) ) ;
#853 = ORIENTED_EDGE ( 'NONE', *, *, #1133, .T. ) ;
#854 = APPLICATION_CONTEXT ( 'configuration controlled 3d designs of mechanical parts and assemblies' ) ;
#855 = CONTEXT_DEPENDENT_SHAPE_REPRESENTATION ( #2488, #2391 ) ;
#856 = FACE_OUTER_BOUND ( 'NONE', #1934, .T. ) ;
#857 = CALENDAR_DATE ( 2026, 4, 8 ) ;
#858 = ORGANIZATION ( 'UNSPECIFIED', 'UNSPECIFIED', '' ) ;
#859 = ITEM_DEFINED_TRANSFORMATION ( 'NONE', 'NONE', #1980,  #373 ) ;
#860 = ITEM_DEFINED_TRANSFORMATION ( 'NONE', 'NONE', #947,  #373 ) ;
#861 = DIRECTION ( 'NONE',  ( 0.000000000000000000, 0.000000000000000000, -1.000000000000000000 ) ) ;
#862 = APPROVAL ( #1556, 'UNSPECIFIED' ) ;
#863 = LENGTH_MEASURE_WITH_UNIT ( LENGTH_MEASURE( 0.02539999999999999897 ), #1248 );
#864 = PERSON_AND_ORGANIZATION ( #1258, #858 ) ;
#865 = VECTOR ( 'NONE', #959, 39.37007874015748143 ) ;
#866 = PERSON ( 'NAUO-PER34', 'UNSPECIFIED', 'UNSPECIFIED', ('UNSPECIFIED'), ('UNSPECIFIED'), ('UNSPECIFIED') ) ;
#867 = AXIS2_PLACEMENT_3D ( 'NONE', #1379, #1872, #991 ) ;
#868 = DATE_AND_TIME ( #1068, #1807 ) ;
#869 = DIRECTION ( 'NONE',  ( 0.000000000000000000, 0.000000000000000000, 1.000000000000000000 ) ) ;
#870 = ORIENTED_EDGE ( 'NONE', *, *, #171, .T. ) ;
#871 = ADVANCED_FACE ( 'NONE', ( #501 ), #2025, .T. ) ;
#872 = PRODUCT_DEFINITION_SHAPE ( 'NONE', 'NONE',  #2853 ) ;
#873 = ORIENTED_EDGE ( 'NONE', *, *, #832, .T. ) ;
#874 = DIRECTION ( 'NONE',  ( -1.000000000000000000, -0.000000000000000000, -0.000000000000000000 ) ) ;
#875 = COORDINATED_UNIVERSAL_TIME_OFFSET ( 5, 0, .BEHIND. ) ;
#876 = CARTESIAN_POINT ( 'NONE',  ( -154.2749031762932361, -36.27762148244581653, -20.01105811084619290 ) ) ;
#877 = LOCAL_TIME ( 5, 5, 52.00000000000000000, #2282 ) ;
#878 = CALENDAR_DATE ( 2026, 4, 8 ) ;
#879 = CC_DESIGN_PERSON_AND_ORGANIZATION_ASSIGNMENT ( #2519, #1415, ( #555 ) ) ;
#880 = LOCAL_TIME ( 5, 5, 52.00000000000000000, #773 ) ;
#881 = APPLICATION_PROTOCOL_DEFINITION ( 'international standard', 'config_control_design', 1994, #939 ) ;
#882 = DIRECTION ( 'NONE',  ( 0.000000000000000000, 0.000000000000000000, 1.000000000000000000 ) ) ;
#883 = EDGE_LOOP ( 'NONE', ( #1330, #2503, #1282, #2384 ) ) ;
#884 = EDGE_CURVE ( 'NONE', #2694, #519, #2698, .T. ) ;
#885 = ORIENTED_EDGE ( 'NONE', *, *, #529, .T. ) ;
#886 = LINE ( 'NONE', #1256, #2109 ) ;
#887 = PERSON_AND_ORGANIZATION ( #207, #2448 ) ;
#888 = DIRECTION ( 'NONE',  ( 0.000000000000000000, 8.741913579725642299E-16, -1.000000000000000000 ) ) ;
#889 = CC_DESIGN_SECURITY_CLASSIFICATION ( #1591, ( #2874 ) ) ;
#890 = DESIGN_CONTEXT ( 'detailed design', #1397, 'design' ) ;
#891 = MECHANICAL_CONTEXT ( 'NONE', #2430, 'mechanical' ) ;
#892 = PRODUCT_DEFINITION_SHAPE ( 'NONE', 'NONE',  #2852 ) ;
#893 = SECURITY_CLASSIFICATION_LEVEL ( 'unclassified' ) ;
#894 = APPROVAL_ROLE ( '' ) ;
#895 = EDGE_LOOP ( 'NONE', ( #1746, #1572, #2050, #654 ) ) ;
#896 = APPROVAL ( #1798, 'UNKNOWN' ) ;
#897 = CARTESIAN_POINT ( 'NONE',  ( 11.50000000000000000, -7.984084880636602932, 3.438328912466843690 ) ) ;
#898 = CC_DESIGN_PERSON_AND_ORGANIZATION_ASSIGNMENT ( #1364, #2227, ( #1747 ) ) ;
#899 = PERSON ( 'NAUO-PER26', 'UNSPECIFIED', 'UNSPECIFIED', ('UNSPECIFIED'), ('UNSPECIFIED'), ('UNSPECIFIED') ) ;
#900 = ITEM_DEFINED_TRANSFORMATION ( 'NONE', 'NONE', #1515,  #373 ) ;
#901 = CALENDAR_DATE ( 2026, 4, 8 ) ;
#902 = DIRECTION ( 'NONE',  ( -0.000000000000000000, -0.000000000000000000, 1.000000000000000000 ) ) ;
#903 = SECURITY_CLASSIFICATION ( '', '', #1345 ) ;
#904 = PERSON ( 'NAUO-PER1', 'UNSPECIFIED', 'UNSPECIFIED', ('UNSPECIFIED'), ('UNSPECIFIED'), ('UNSPECIFIED') ) ;
#905 = AXIS2_PLACEMENT_3D ( 'NONE', #1695, #175, #370 ) ;
#906 = ADVANCED_FACE ( 'NONE', ( #1372 ), #264, .F. ) ;
#907 = LOCAL_TIME ( 5, 5, 52.00000000000000000, #561 ) ;
#908 = DATE_TIME_ROLE ( 'creation_date' ) ;
#909 = ITEM_DEFINED_TRANSFORMATION ( 'NONE', 'NONE', #158,  #373 ) ;
#910 = APPROVAL_STATUS ( 'not_yet_approved' ) ;
#911 = ORIENTED_EDGE ( 'NONE', *, *, #2331, .T. ) ;
#912 = VECTOR ( 'NONE', #1881, 39.37007874015748143 ) ;
#913 = CARTESIAN_POINT ( 'NONE',  ( 0.000000000000000000, 0.000000000000000000, 0.000000000000000000 ) ) ;
#914 =( GEOMETRIC_REPRESENTATION_CONTEXT ( 3 ) GLOBAL_UNCERTAINTY_ASSIGNED_CONTEXT ( ( #430 ) ) GLOBAL_UNIT_ASSIGNED_CONTEXT ( ( #54, #2339, #2122 ) ) REPRESENTATION_CONTEXT ( 'NONE', 'WORKASPACE' ) );
#915 = APPROVAL ( #1122, 'UNKNOWN' ) ;
#916 = DATE_AND_TIME ( #1792, #317 ) ;
#917 = APPROVAL_DATE_TIME ( #472, #2034 ) ;
#918 = FACE_OUTER_BOUND ( 'NONE', #597, .T. ) ;
#919 = EDGE_CURVE ( 'NONE', #1453, #2243, #1385, .T. ) ;
#920 = PERSON_AND_ORGANIZATION ( #1258, #858 ) ;
#921 = PRODUCT_DEFINITION_SHAPE ( 'NONE', 'NONE',  #777 ) ;
#922 = CC_DESIGN_SECURITY_CLASSIFICATION ( #572, ( #2092 ) ) ;
#923 = PERSON_AND_ORGANIZATION ( #1806, #1199 ) ;
#924 = CC_DESIGN_SECURITY_CLASSIFICATION ( #831, ( #2862 ) ) ;
#925 = LINE ( 'NONE', #2759, #453 ) ;
#926 = LOCAL_TIME ( 5, 5, 52.00000000000000000, #2690 ) ;
#927 = LOCAL_TIME ( 5, 5, 52.00000000000000000, #1997 ) ;
#928 = VERTEX_POINT ( 'NONE', #86 ) ;
#929 = FACE_OUTER_BOUND ( 'NONE', #1655, .T. ) ;
#930 = CALENDAR_DATE ( 2026, 4, 8 ) ;
#931 = SECURITY_CLASSIFICATION_LEVEL ( 'unclassified' ) ;
#932 = CARTESIAN_POINT ( 'NONE',  ( 127.0543895766069653, -37.39619507942415311, 12.31905676789047277 ) ) ;
#933 = COORDINATED_UNIVERSAL_TIME_OFFSET ( 5, 0, .BEHIND. ) ;
#934 = CC_DESIGN_PERSON_AND_ORGANIZATION_ASSIGNMENT ( #129, #2400, ( #835 ) ) ;
#935 = CALENDAR_DATE ( 2026, 4, 8 ) ;
#936 = CC_DESIGN_PERSON_AND_ORGANIZATION_ASSIGNMENT ( #1665, #337, ( #2182 ) ) ;
#937 = PERSON_AND_ORGANIZATION_ROLE ( 'creator' ) ;
#938 = DIRECTION ( 'NONE',  ( -1.000000000000000000, -0.000000000000000000, -0.000000000000000000 ) ) ;
#939 = APPLICATION_CONTEXT ( 'configuration controlled 3d designs of mechanical parts and assemblies' ) ;
#940 = ORIENTED_EDGE ( 'NONE', *, *, #1919, .T. ) ;
#941 = DIRECTION ( 'NONE',  ( -1.000000000000000000, 0.000000000000000000, 0.000000000000000000 ) ) ;
#942 = SECURITY_CLASSIFICATION ( '', '', #769 ) ;
#943 = PERSON_AND_ORGANIZATION_ROLE ( 'classification_officer' ) ;
#944 = COORDINATED_UNIVERSAL_TIME_OFFSET ( 5, 0, .BEHIND. ) ;
#945 = LINE ( 'NONE', #1403, #865 ) ;
#946 = LOCAL_TIME ( 5, 5, 52.00000000000000000, #1538 ) ;
#947 = AXIS2_PLACEMENT_3D ( 'NONE', #636, #2416, #2153 ) ;
#948 = PERSON_AND_ORGANIZATION_ROLE ( 'design_owner' ) ;
#949 = CC_DESIGN_DATE_AND_TIME_ASSIGNMENT ( #2389, #1077, ( #488 ) ) ;
#950 = PRODUCT_DEFINITION ( 'UNKNOWN', '', #2185, #2583 ) ;
#951 = PRODUCT_DEFINITION_FORMATION_WITH_SPECIFIED_SOURCE ( 'ANY', '', #410, .NOT_KNOWN. ) ;
#952 = APPROVAL_DATE_TIME ( #1184, #774 ) ;
#953 = ADVANCED_FACE ( 'NONE', ( #918 ), #2445, .F. ) ;
#954 = EDGE_LOOP ( 'NONE', ( #682, #2719, #357, #1203, #1131 ) ) ;
#955 = CIRCLE ( 'NONE', #1292, 29.99999999999986855 ) ;
#956 = PLANE ( 'NONE',  #1542 ) ;
#957 = PERSON_AND_ORGANIZATION_ROLE ( 'classification_officer' ) ;
#958 = APPROVAL_ROLE ( '' ) ;
#959 = DIRECTION ( 'NONE',  ( 0.000000000000000000, 1.000000000000000000, 0.000000000000000000 ) ) ;
#960 = DATE_AND_TIME ( #1175, #2725 ) ;
#961 = COORDINATED_UNIVERSAL_TIME_OFFSET ( 5, 0, .BEHIND. ) ;
#962 = CALENDAR_DATE ( 2026, 4, 8 ) ;
#963 = CALENDAR_DATE ( 2026, 4, 8 ) ;
#964 = CC_DESIGN_SECURITY_CLASSIFICATION ( #1715, ( #2422 ) ) ;
#965 = COORDINATED_UNIVERSAL_TIME_OFFSET ( 5, 0, .BEHIND. ) ;
#966 = CC_DESIGN_APPROVAL ( #1808, ( #2215 ) ) ;
#967 = VERTEX_POINT ( 'NONE', #36 ) ;
#968 = DIRECTION ( 'NONE',  ( 1.000000000000000000, 0.000000000000000000, -0.000000000000000000 ) ) ;
#969 = SECURITY_CLASSIFICATION ( '', '', #2116 ) ;
#970 = ADVANCED_FACE ( 'NONE', ( #1604 ), #486, .F. ) ;
#971 = DATE_TIME_ROLE ( 'classification_date' ) ;
#972 = CONTEXT_DEPENDENT_SHAPE_REPRESENTATION ( #2341, #2631 ) ;
#973 = CARTESIAN_POINT ( 'NONE',  ( 35.03609927962803994, 70.82695703974681578, 0.6407477203354376982 ) ) ;
#974 = CARTESIAN_POINT ( 'NONE',  ( -9582.174284945485851, 192.0742743789555220, 14.24024829653508384 ) ) ;
#975 = COORDINATED_UNIVERSAL_TIME_OFFSET ( 5, 0, .BEHIND. ) ;
#976 = CALENDAR_DATE ( 2026, 4, 8 ) ;
#977 =( REPRESENTATION_RELATIONSHIP ('NONE','NONE', #2345, #468 ) REPRESENTATION_RELATIONSHIP_WITH_TRANSFORMATION ( #1748 )SHAPE_REPRESENTATION_RELATIONSHIP( ) );
#978 = DATE_TIME_ROLE ( 'classification_date' ) ;
#979 = LOCAL_TIME ( 5, 5, 52.00000000000000000, #299 ) ;
#980 = DATE_AND_TIME ( #93, #1667 ) ;
#981 = VERTEX_POINT ( 'NONE', #1590 ) ;
#982 = CARTESIAN_POINT ( 'NONE',  ( 127.0543895766069653, -11.00121272966391750, -3.422440268760200688 ) ) ;
#983 = CC_DESIGN_PERSON_AND_ORGANIZATION_ASSIGNMENT ( #1165, #2060, ( #2092 ) ) ;
#984 = PERSON_AND_ORGANIZATION ( #1773, #2054 ) ;
#985 = DATE_AND_TIME ( #539, #2452 ) ;
#986 = APPROVAL ( #149, 'UNSPECIFIED' ) ;
#987 = CARTESIAN_POINT ( 'NONE',  ( 127.0543895766069653, -11.00121272966391750, -17.68094323210939578 ) ) ;
#988 = CALENDAR_DATE ( 2026, 4, 8 ) ;
#989 = PERSON_AND_ORGANIZATION ( #1258, #858 ) ;
#990 = ADVANCED_FACE ( 'NONE', ( #276 ), #1336, .T. ) ;
#991 = DIRECTION ( 'NONE',  ( 0.000000000000000000, -0.000000000000000000, 1.000000000000000000 ) ) ;
#992 = LENGTH_MEASURE_WITH_UNIT ( LENGTH_MEASURE( 0.02539999999999999897 ), #1195 );
#993 = DATE_AND_TIME ( #1679, #1932 ) ;
#994 = CC_DESIGN_APPROVAL ( #2074, ( #1037 ) ) ;
#995 = AXIS2_PLACEMENT_3D ( 'NONE', #1524, #1066, #849 ) ;
#996 = DATE_TIME_ROLE ( 'creation_date' ) ;
#997 = VERTEX_POINT ( 'NONE', #876 ) ;
#998 = CARTESIAN_POINT ( 'NONE',  ( 0.000000000000000000, -8.550000000000038014, 22.62992125984275660 ) ) ;
#999 = APPROVAL_STATUS ( 'not_yet_approved' ) ;
#1000 = SECURITY_CLASSIFICATION_LEVEL ( 'unclassified' ) ;
#1001 = DIRECTION ( 'NONE',  ( 1.000000000000000000, 0.000000000000000000, 0.000000000000000000 ) ) ;
#1002 = VECTOR ( 'NONE', #1257, 39.37007874015748143 ) ;
#1003 = APPROVAL ( #1896, 'UNKNOWN' ) ;
#1004 = CARTESIAN_POINT ( 'NONE',  ( 5.750000000000000000, -1.334457776133509910, -1.247226703741503462 ) ) ;
#1005 = CALENDAR_DATE ( 2026, 4, 8 ) ;
#1006 = APPROVAL_ROLE ( '' ) ;
#1007 = EDGE_LOOP ( 'NONE', ( #911, #2395, #2271, #1819 ) ) ;
#1008 = EDGE_CURVE ( 'NONE', #1681, #1749, #1770, .T. ) ;
#1009 =( NAMED_UNIT ( * ) PLANE_ANGLE_UNIT ( ) SI_UNIT ( $, .RADIAN. ) );
#1010 = CALENDAR_DATE ( 2026, 4, 8 ) ;
#1011 = EDGE_LOOP ( 'NONE', ( #2556, #853, #1425, #628 ) ) ;
#1012 = DIRECTION ( 'NONE',  ( 0.000000000000000000, 0.000000000000000000, -1.000000000000000000 ) ) ;
#1013 = LOCAL_TIME ( 5, 5, 52.00000000000000000, #1906 ) ;
#1014 = PERSON_AND_ORGANIZATION_ROLE ( 'classification_officer' ) ;
#1015 = DIRECTION ( 'NONE',  ( 0.000000000000000000, 0.000000000000000000, 1.000000000000000000 ) ) ;
#1016 = LOCAL_TIME ( 5, 5, 52.00000000000000000, #1936 ) ;
#1017 = CARTESIAN_POINT ( 'NONE',  ( 0.000000000000000000, -7.984084880636602932, 3.438328912466843690 ) ) ;
#1018 = DATE_AND_TIME ( #2134, #1352 ) ;
#1019 = DATE_AND_TIME ( #818, #1693 ) ;
#1020 = ORIENTED_EDGE ( 'NONE', *, *, #461, .T. ) ;
#1021 = CC_DESIGN_PERSON_AND_ORGANIZATION_ASSIGNMENT ( #2534, #734, ( #1441 ) ) ;
#1022 = COORDINATED_UNIVERSAL_TIME_OFFSET ( 5, 0, .BEHIND. ) ;
#1023 = CC_DESIGN_PERSON_AND_ORGANIZATION_ASSIGNMENT ( #1185, #1450, ( #2670 ) ) ;
#1024 = SECURITY_CLASSIFICATION_LEVEL ( 'unclassified' ) ;
#1025 = ORIENTED_EDGE ( 'NONE', *, *, #712, .F. ) ;
#1026 = CC_DESIGN_APPROVAL ( #2187, ( #476 ) ) ;
#1027 = DIRECTION ( 'NONE',  ( -1.000000000000000000, 0.000000000000000000, -0.000000000000000000 ) ) ;
#1028 = ITEM_DEFINED_TRANSFORMATION ( 'NONE', 'NONE', #1138,  #373 ) ;
#1029 = CARTESIAN_POINT ( 'NONE',  ( -154.2749031762932361, -36.27762148244581653, -20.01105811084619290 ) ) ;
#1030 = CALENDAR_DATE ( 2026, 4, 8 ) ;
#1031 = CALENDAR_DATE ( 2026, 4, 8 ) ;
#1032 = LINE ( 'NONE', #1926, #2812 ) ;
#1033 = DIRECTION ( 'NONE',  ( 0.000000000000000000, 0.000000000000000000, 1.000000000000000000 ) ) ;
#1034 = DATE_TIME_ROLE ( 'creation_date' ) ;
#1035 = CC_DESIGN_DATE_AND_TIME_ASSIGNMENT ( #2158, #629, ( #368 ) ) ;
#1036 = DATE_AND_TIME ( #1279, #2775 ) ;
#1037 = SECURITY_CLASSIFICATION ( '', '', #931 ) ;
#1038 = EDGE_LOOP ( 'NONE', ( #345, #1119, #2359, #2548 ) ) ;
#1039 = AXIS2_PLACEMENT_3D ( 'NONE', #1965, #1744, #653 ) ;
#1040 = LOCAL_TIME ( 5, 5, 52.00000000000000000, #625 ) ;
#1041 = ADVANCED_FACE ( 'NONE', ( #661 ), #1553, .F. ) ;
#1042 = ITEM_DEFINED_TRANSFORMATION ( 'NONE', 'NONE', #2620,  #373 ) ;
#1043 = COORDINATED_UNIVERSAL_TIME_OFFSET ( 5, 0, .BEHIND. ) ;
#1044 = CARTESIAN_POINT ( 'NONE',  ( -9582.174284945485851, 192.0742743789555220, 7.462597148959528859 ) ) ;
#1045 = APPROVAL_STATUS ( 'not_yet_approved' ) ;
#1046 = DATE_AND_TIME ( #190, #157 ) ;
#1047 = CARTESIAN_POINT ( 'NONE',  ( -154.2749031762932361, 23.22237851755419413, -20.01105811084619290 ) ) ;
#1048 = CIRCLE ( 'NONE', #2075, 29.99999999999986855 ) ;
#1049 = PRODUCT_DEFINITION_SHAPE ( 'NONE', 'NONE',  #2866 ) ;
#1050 = DIRECTION ( 'NONE',  ( 1.000000000000000000, 0.000000000000000000, 0.000000000000000000 ) ) ;
#1051 = PERSON_AND_ORGANIZATION ( #1258, #858 ) ;
#1052 = ITEM_DEFINED_TRANSFORMATION ( 'NONE', 'NONE', #45,  #373 ) ;
#1053 = VERTEX_POINT ( 'NONE', #2459 ) ;
#1054 = DIRECTION ( 'NONE',  ( 0.000000000000000000, 0.000000000000000000, 1.000000000000000000 ) ) ;
#1055 = PERSON_AND_ORGANIZATION ( #2663, #1392 ) ;
#1056 = CYLINDRICAL_SURFACE ( 'NONE', #2537, 29.99999999999986855 ) ;
#1057 = EDGE_CURVE ( 'NONE', #219, #967, #1123, .T. ) ;
#1058 = CC_DESIGN_APPROVAL ( #1074, ( #693 ) ) ;
#1059 = CONTEXT_DEPENDENT_SHAPE_REPRESENTATION ( #1743, #1963 ) ;
#1060 = SECURITY_CLASSIFICATION_LEVEL ( 'unclassified' ) ;
#1061 = APPROVAL_PERSON_ORGANIZATION ( #1072, #1003, #186 ) ;
#1062 = LOCAL_TIME ( 5, 5, 52.00000000000000000, #1621 ) ;
#1063 = FACE_OUTER_BOUND ( 'NONE', #1267, .T. ) ;
#1064 = ORGANIZATION ( 'NAUO-ORG29', 'UNSPECIFIED', 'UNSPECIFIED' ) ;
#1065 = DESIGN_CONTEXT ( 'detailed design', #206, 'design' ) ;
#1066 = DIRECTION ( 'NONE',  ( 0.000000000000000000, 0.000000000000000000, 1.000000000000000000 ) ) ;
#1067 = PERSON_AND_ORGANIZATION_ROLE ( 'design_owner' ) ;
#1068 = CALENDAR_DATE ( 2026, 4, 8 ) ;
#1069 = PERSON ( 'NAUO-PER20', 'UNSPECIFIED', 'UNSPECIFIED', ('UNSPECIFIED'), ('UNSPECIFIED'), ('UNSPECIFIED') ) ;
#1070 = CARTESIAN_POINT ( 'NONE',  ( -13.92491873266027014, 152.0928721591087651, 0.6407477203352710537 ) ) ;
#1071 = ORIENTED_EDGE ( 'NONE', *, *, #832, .F. ) ;
#1072 = PERSON_AND_ORGANIZATION ( #1069, #1769 ) ;
#1073 = DIRECTION ( 'NONE',  ( -1.000000000000000000, -0.000000000000000000, -0.000000000000000000 ) ) ;
#1074 = APPROVAL ( #1127, 'UNKNOWN' ) ;
#1075 = CONTEXT_DEPENDENT_SHAPE_REPRESENTATION ( #809, #1497 ) ;
#1076 = CC_DESIGN_DATE_AND_TIME_ASSIGNMENT ( #2027, #908, ( #2623 ) ) ;
#1077 = DATE_TIME_ROLE ( 'classification_date' ) ;
#1078 = PRODUCT_DEFINITION_SHAPE ( 'NONE', 'NONE',  #2850 ) ;
#1079 = LINE ( 'NONE', #1522, #1797 ) ;
#1080 = ADVANCED_FACE ( 'NONE', ( #10 ), #1241, .F. ) ;
#1081 = DIRECTION ( 'NONE',  ( 0.000000000000000000, 0.000000000000000000, 1.000000000000000000 ) ) ;
#1082 = APPROVAL_DATE_TIME ( #822, #986 ) ;
#1083 = LOCAL_TIME ( 5, 5, 52.00000000000000000, #65 ) ;
#1084 = CIRCLE ( 'NONE', #2702, 26.39498234976023738 ) ;
#1085 = CALENDAR_DATE ( 2026, 4, 8 ) ;
#1086 = CARTESIAN_POINT ( 'NONE',  ( 35.03609927962803994, 124.3769570397468129, 0.6407477203354845496 ) ) ;
#1087 = EDGE_LOOP ( 'NONE', ( #297, #1730, #506, #752 ) ) ;
#1088 = APPROVAL_PERSON_ORGANIZATION ( #724, #2061, #2063 ) ;
#1089 =( REPRESENTATION_RELATIONSHIP ('NONE','NONE', #2345, #670 ) REPRESENTATION_RELATIONSHIP_WITH_TRANSFORMATION ( #749 )SHAPE_REPRESENTATION_RELATIONSHIP( ) );
#1090 = LINE ( 'NONE', #439, #2747 ) ;
#1091 = LOCAL_TIME ( 5, 5, 52.00000000000000000, #673 ) ;
#1092 = LINE ( 'NONE', #2582, #2362 ) ;
#1093 = DATE_AND_TIME ( #204, #1967 ) ;
#1094 = CC_DESIGN_PERSON_AND_ORGANIZATION_ASSIGNMENT ( #2754, #2083, ( #294 ) ) ;
#1095 = DATE_TIME_ROLE ( 'classification_date' ) ;
#1096 = CARTESIAN_POINT ( 'NONE',  ( -154.2749031762932361, -36.27762148244581653, -20.01105811084619290 ) ) ;
#1097 = UNCERTAINTY_MEASURE_WITH_UNIT (LENGTH_MEASURE( 1.000000000000000082E-05 ), #2030, 'distance_accuracy_value', 'NONE');
#1098 = CC_DESIGN_DATE_AND_TIME_ASSIGNMENT ( #1400, #2035, ( #283 ) ) ;
#1099 = PERSON_AND_ORGANIZATION_ROLE ( 'creator' ) ;
#1100 = AXIS2_PLACEMENT_3D ( 'NONE', #1346, #704, #888 ) ;
#1101 = EDGE_CURVE ( 'NONE', #1600, #1876, #2317, .T. ) ;
#1102 = PERSON_AND_ORGANIZATION ( #1258, #858 ) ;
#1103 = DIRECTION ( 'NONE',  ( 1.000000000000000000, 0.000000000000000000, 0.000000000000000000 ) ) ;
#1104 = VERTEX_POINT ( 'NONE', #732 ) ;
#1105 = ORIENTED_EDGE ( 'NONE', *, *, #1206, .F. ) ;
#1106 = DIRECTION ( 'NONE',  ( 0.000000000000000000, 0.000000000000000000, -1.000000000000000000 ) ) ;
#1107 = CALENDAR_DATE ( 2026, 4, 8 ) ;
#1108 = PERSON ( 'NAUO-PER28', 'UNSPECIFIED', 'UNSPECIFIED', ('UNSPECIFIED'), ('UNSPECIFIED'), ('UNSPECIFIED') ) ;
#1109 = CARTESIAN_POINT ( 'NONE',  ( 11.50000000000000000, -7.984084880636602932, 4.688328912466843690 ) ) ;
#1110 = LOCAL_TIME ( 5, 5, 52.00000000000000000, #292 ) ;
#1111 = SECURITY_CLASSIFICATION ( '', '', #101 ) ;
#1112 = CC_DESIGN_SECURITY_CLASSIFICATION ( #1254, ( #2846 ) ) ;
#1113 = PERSON_AND_ORGANIZATION ( #1258, #858 ) ;
#1114 = LOCAL_TIME ( 5, 5, 52.00000000000000000, #933 ) ;
#1115 = CC_DESIGN_PERSON_AND_ORGANIZATION_ASSIGNMENT ( #196, #2169, ( #1715 ) ) ;
#1116 = APPROVAL ( #2431, 'UNSPECIFIED' ) ;
#1117 = DATE_AND_TIME ( #1845, #346 ) ;
#1118 = APPLICATION_CONTEXT ( 'configuration controlled 3d designs of mechanical parts and assemblies' ) ;
#1119 = ORIENTED_EDGE ( 'NONE', *, *, #2137, .F. ) ;
#1120 = DIRECTION ( 'NONE',  ( 1.000000000000000000, 0.000000000000000000, 0.000000000000000000 ) ) ;
#1121 = CONTEXT_DEPENDENT_SHAPE_REPRESENTATION ( #1284, #63 ) ;
#1122 = APPROVAL_STATUS ( 'not_yet_approved' ) ;
#1123 = LINE ( 'NONE', #2237, #2715 ) ;
#1124 = LOCAL_TIME ( 5, 5, 52.00000000000000000, #1821 ) ;
#1125 = PRODUCT ( 'Assem1', 'Assem1', '', ( #2283 ) ) ;
#1126 = APPROVAL_STATUS ( 'not_yet_approved' ) ;
#1127 = APPROVAL_STATUS ( 'not_yet_approved' ) ;
#1128 =( REPRESENTATION_RELATIONSHIP ('NONE','NONE', #2345, #468 ) REPRESENTATION_RELATIONSHIP_WITH_TRANSFORMATION ( #111 )SHAPE_REPRESENTATION_RELATIONSHIP( ) );
#1129 = CC_DESIGN_DATE_AND_TIME_ASSIGNMENT ( #275, #1631, ( #294 ) ) ;
#1130 = PERSON_AND_ORGANIZATION_ROLE ( 'design_owner' ) ;
#1131 = ORIENTED_EDGE ( 'NONE', *, *, #152, .T. ) ;
#1132 = LINE ( 'NONE', #1981, #1226 ) ;
#1133 = EDGE_CURVE ( 'NONE', #1053, #1530, #756, .T. ) ;
#1134 = DATE_AND_TIME ( #1107, #428 ) ;
#1135 = CONTEXT_DEPENDENT_SHAPE_REPRESENTATION ( #2667, #872 ) ;
#1136 = CARTESIAN_POINT ( 'NONE',  ( 11.50000000000000000, 9.515915119363397068, 3.438328912466843690 ) ) ;
#1137 = LOCAL_TIME ( 5, 5, 52.00000000000000000, #875 ) ;
#1138 = AXIS2_PLACEMENT_3D ( 'NONE', #2771, #1015, #1909 ) ;
#1139 = MANIFOLD_SOLID_BREP ( 'Fillet2', #1986 ) ;
#1140 = PERSON_AND_ORGANIZATION ( #1258, #858 ) ;
#1141 = VECTOR ( 'NONE', #2831, 39.37007874015748143 ) ;
#1142 = DATE_AND_TIME ( #14, #877 ) ;
#1143 = DIRECTION ( 'NONE',  ( 0.000000000000000000, 0.000000000000000000, 1.000000000000000000 ) ) ;
#1144 = VERTEX_POINT ( 'NONE', #1633 ) ;
#1145 =( REPRESENTATION_RELATIONSHIP ('NONE','NONE', #2345, #670 ) REPRESENTATION_RELATIONSHIP_WITH_TRANSFORMATION ( #1709 )SHAPE_REPRESENTATION_RELATIONSHIP( ) );
#1146 = ORIENTED_EDGE ( 'NONE', *, *, #2192, .F. ) ;
#1147 = CARTESIAN_POINT ( 'NONE',  ( -154.2749031762932361, -36.27762148244581653, -20.01105811084619290 ) ) ;
#1148 = CC_DESIGN_DATE_AND_TIME_ASSIGNMENT ( #1924, #2603, ( #835 ) ) ;
#1149 = APPROVAL_STATUS ( 'not_yet_approved' ) ;
#1150 = ADVANCED_BREP_SHAPE_REPRESENTATION ( '', ( #1155, #373 ), #2096 ) ;
#1151 = DATE_AND_TIME ( #2674, #1513 ) ;
#1152 = APPROVAL ( #460, 'UNSPECIFIED' ) ;
#1153 = DIRECTION ( 'NONE',  ( 0.000000000000000000, 0.000000000000000000, 1.000000000000000000 ) ) ;
#1154 = APPROVAL_STATUS ( 'not_yet_approved' ) ;
#1155 = MANIFOLD_SOLID_BREP ( 'Boss-Extrude1', #1892 ) ;
#1156 = LOCAL_TIME ( 5, 5, 52.00000000000000000, #1295 ) ;
#1157 = DATE_TIME_ROLE ( 'classification_date' ) ;
#1158 = LOCAL_TIME ( 5, 5, 52.00000000000000000, #502 ) ;
#1159 = VERTEX_POINT ( 'NONE', #2352 ) ;
#1160 = ORIENTED_EDGE ( 'NONE', *, *, #779, .F. ) ;
#1161 = DIRECTION ( 'NONE',  ( -1.000000000000000000, 0.000000000000000000, 0.000000000000000000 ) ) ;
#1162 = COORDINATED_UNIVERSAL_TIME_OFFSET ( 5, 0, .BEHIND. ) ;
#1163 = PRODUCT_RELATED_PRODUCT_CATEGORY ( 'detail', '', ( #666 ) ) ;
#1164 = DATE_TIME_ROLE ( 'classification_date' ) ;
#1165 = PERSON_AND_ORGANIZATION ( #1258, #858 ) ;
#1166 = CC_DESIGN_APPROVAL ( #2441, ( #378 ) ) ;
#1167 = EDGE_CURVE ( 'NONE', #1749, #1159, #945, .T. ) ;
#1168 = CONTEXT_DEPENDENT_SHAPE_REPRESENTATION ( #1544, #2502 ) ;
#1169 = DATE_AND_TIME ( #2242, #254 ) ;
#1170 = ORIENTED_EDGE ( 'NONE', *, *, #2798, .F. ) ;
#1171 = DIRECTION ( 'NONE',  ( -0.000000000000000000, 1.000000000000000000, -0.000000000000000000 ) ) ;
#1172 = CC_DESIGN_APPROVAL ( #1314, ( #1598 ) ) ;
#1173 = CALENDAR_DATE ( 2026, 4, 8 ) ;
#1174 = FACE_OUTER_BOUND ( 'NONE', #1907, .T. ) ;
#1175 = CALENDAR_DATE ( 2026, 4, 8 ) ;
#1176 = PRODUCT_DEFINITION_SHAPE ( 'NONE', 'NONE',  #2854 ) ;
#1177 = CC_DESIGN_SECURITY_CLASSIFICATION ( #2449, ( #2848 ) ) ;
#1178 = CALENDAR_DATE ( 2026, 4, 8 ) ;
#1179 =( REPRESENTATION_RELATIONSHIP ('NONE','NONE', #2345, #670 ) REPRESENTATION_RELATIONSHIP_WITH_TRANSFORMATION ( #115 )SHAPE_REPRESENTATION_RELATIONSHIP( ) );
#1180 = LOCAL_TIME ( 5, 5, 52.00000000000000000, #1603 ) ;
#1181 = LOCAL_TIME ( 5, 5, 52.00000000000000000, #2181 ) ;
#1182 = APPROVAL ( #248, 'UNKNOWN' ) ;
#1183 =( LENGTH_UNIT ( ) NAMED_UNIT ( * ) SI_UNIT ( $, .METRE. ) );
#1184 = DATE_AND_TIME ( #1623, #366 ) ;
#1185 = PERSON_AND_ORGANIZATION ( #1258, #858 ) ;
#1186 = PRODUCT_DEFINITION_SHAPE ( 'NONE', 'NONE',  #2857 ) ;
#1187 = EDGE_CURVE ( 'NONE', #1144, #492, #1414, .T. ) ;
#1188 = ORIENTED_EDGE ( 'NONE', *, *, #1567, .T. ) ;
#1189 = VECTOR ( 'NONE', #1459, 39.37007874015748143 ) ;
#1190 = FACE_OUTER_BOUND ( 'NONE', #1947, .T. ) ;
#1191 = DATE_AND_TIME ( #1207, #1124 ) ;
#1192 = APPROVAL_STATUS ( 'not_yet_approved' ) ;
#1193 = DIRECTION ( 'NONE',  ( 0.000000000000000000, 0.000000000000000000, -1.000000000000000000 ) ) ;
#1194 = DATE_AND_TIME ( #569, #1487 ) ;
#1195 =( LENGTH_UNIT ( ) NAMED_UNIT ( * ) SI_UNIT ( $, .METRE. ) );
#1196 = PERSON_AND_ORGANIZATION ( #551, #721 ) ;
#1197 = DATE_AND_TIME ( #963, #159 ) ;
#1198 = APPROVAL ( #1126, 'UNSPECIFIED' ) ;
#1199 = ORGANIZATION ( 'NAUO-ORG3', 'UNSPECIFIED', 'UNSPECIFIED' ) ;
#1200 = APPROVAL ( #1962, 'UNSPECIFIED' ) ;
#1201 = CC_DESIGN_SECURITY_CLASSIFICATION ( #1486, ( #2867 ) ) ;
#1202 = LOCAL_TIME ( 5, 5, 52.00000000000000000, #775 ) ;
#1203 = ORIENTED_EDGE ( 'NONE', *, *, #2646, .T. ) ;
#1204 = DIRECTION ( 'NONE',  ( 0.000000000000000000, 1.000000000000000000, 0.000000000000000000 ) ) ;
#1205 = SECURITY_CLASSIFICATION ( '', '', #702 ) ;
#1206 = EDGE_CURVE ( 'NONE', #1252, #967, #2087, .T. ) ;
#1207 = CALENDAR_DATE ( 2026, 4, 8 ) ;
#1208 = ITEM_DEFINED_TRANSFORMATION ( 'NONE', 'NONE', #1789,  #373 ) ;
#1209 = CARTESIAN_POINT ( 'NONE',  ( 35.03609927962803994, 35.12695703974682004, 0.6407477203354065010 ) ) ;
#1210 = PLANE ( 'NONE',  #2265 ) ;
#1211 = APPROVAL_ROLE ( '' ) ;
#1212 = PERSON ( 'NAUO-PER11', 'UNSPECIFIED', 'UNSPECIFIED', ('UNSPECIFIED'), ('UNSPECIFIED'), ('UNSPECIFIED') ) ;
#1213 = DATE_TIME_ROLE ( 'creation_date' ) ;
#1214 = CARTESIAN_POINT ( 'NONE',  ( -9584.174284945485851, 223.0805877970713880, 7.462597148959528859 ) ) ;
#1215 = APPLICATION_PROTOCOL_DEFINITION ( 'international standard', 'config_control_design', 1994, #67 ) ;
#1216 = COORDINATED_UNIVERSAL_TIME_OFFSET ( 5, 0, .BEHIND. ) ;
#1217 = CC_DESIGN_DATE_AND_TIME_ASSIGNMENT ( #2601, #347, ( #1598 ) ) ;
#1218 = PERSON_AND_ORGANIZATION_ROLE ( 'design_supplier' ) ;
#1219 = ORIENTED_EDGE ( 'NONE', *, *, #587, .T. ) ;
#1220 = CARTESIAN_POINT ( 'NONE',  ( -155.6749031762932418, -36.27762148244581653, -20.01105811084619290 ) ) ;
#1221 = DATE_AND_TIME ( #2129, #1361 ) ;
#1222 = DATE_TIME_ROLE ( 'classification_date' ) ;
#1223 = DIRECTION ( 'NONE',  ( 0.000000000000000000, 0.000000000000000000, 1.000000000000000000 ) ) ;
#1224 = LINE ( 'NONE', #113, #302 ) ;
#1225 = EDGE_CURVE ( 'NONE', #1144, #2184, #2760, .T. ) ;
#1226 = VECTOR ( 'NONE', #874, 39.37007874015748143 ) ;
#1227 = APPROVAL_STATUS ( 'not_yet_approved' ) ;
#1228 = PERSON_AND_ORGANIZATION_ROLE ( 'classification_officer' ) ;
#1229 = CARTESIAN_POINT ( 'NONE',  ( 11.50000000000000000, 9.515915119363397068, 3.438328912466843690 ) ) ;
#1230 = SHAPE_REPRESENTATION_RELATIONSHIP ( 'NONE' , 'NONE' ,  #1953, #1946 ) ;
#1231 = COORDINATED_UNIVERSAL_TIME_OFFSET ( 5, 0, .BEHIND. ) ;
#1232 = APPROVAL_PERSON_ORGANIZATION ( #2604, #2132, #589 ) ;
#1233 = AXIS2_PLACEMENT_3D ( 'NONE', #1475, #1545, #585 ) ;
#1234 = PERSON_AND_ORGANIZATION ( #1258, #858 ) ;
#1235 = ORIENTED_EDGE ( 'NONE', *, *, #2079, .F. ) ;
#1236 = LENGTH_MEASURE_WITH_UNIT ( LENGTH_MEASURE( 0.02539999999999999897 ), #391 );
#1237 = PERSON_AND_ORGANIZATION_ROLE ( 'classification_officer' ) ;
#1238 = CONTEXT_DEPENDENT_SHAPE_REPRESENTATION ( #1683, #725 ) ;
#1239 = CARTESIAN_POINT ( 'NONE',  ( 35.03609927962803994, 88.67695703974681010, 0.6407477203354532413 ) ) ;
#1240 = VECTOR ( 'NONE', #251, 39.37007874015748143 ) ;
#1241 = PLANE ( 'NONE',  #2410 ) ;
#1242 = CC_DESIGN_DATE_AND_TIME_ASSIGNMENT ( #11, #1772, ( #1306 ) ) ;
#1243 =( REPRESENTATION_RELATIONSHIP ('NONE','NONE', #2345, #468 ) REPRESENTATION_RELATIONSHIP_WITH_TRANSFORMATION ( #408 )SHAPE_REPRESENTATION_RELATIONSHIP( ) );
#1244 = SECURITY_CLASSIFICATION_LEVEL ( 'unclassified' ) ;
#1245 = PRODUCT_RELATED_PRODUCT_CATEGORY ( 'detail', '', ( #410 ) ) ;
#1246 = ORIENTED_EDGE ( 'NONE', *, *, #2261, .F. ) ;
#1247 = DIMENSIONAL_EXPONENTS ( 1.000000000000000000, 0.000000000000000000, 0.000000000000000000, 0.000000000000000000, 0.000000000000000000, 0.000000000000000000, 0.000000000000000000 ) ;
#1248 =( LENGTH_UNIT ( ) NAMED_UNIT ( * ) SI_UNIT ( $, .METRE. ) );
#1249 = SHAPE_DEFINITION_REPRESENTATION ( #691, #2636 ) ;
#1250 = CALENDAR_DATE ( 2026, 4, 8 ) ;
#1251 = PERSON ( 'NAUO-PER16', 'UNSPECIFIED', 'UNSPECIFIED', ('UNSPECIFIED'), ('UNSPECIFIED'), ('UNSPECIFIED') ) ;
#1252 = VERTEX_POINT ( 'NONE', #2545 ) ;
#1253 = ITEM_DEFINED_TRANSFORMATION ( 'NONE', 'NONE', #2404,  #373 ) ;
#1254 = SECURITY_CLASSIFICATION ( '', '', #1408 ) ;
#1255 = PERSON_AND_ORGANIZATION ( #1532, #1855 ) ;
#1256 = CARTESIAN_POINT ( 'NONE',  ( -9.370628073632953914, 22.63097066641579858, 12.31905676789047277 ) ) ;
#1257 = DIRECTION ( 'NONE',  ( -1.000000000000000000, -0.000000000000000000, -0.000000000000000000 ) ) ;
#1258 = PERSON ( 'UNSPECIFIED', 'UNSPECIFIED', 'UNSPECIFIED', ('UNSPECIFIED'), ('UNSPECIFIED'), ('UNSPECIFIED') ) ;
#1259 = CONTEXT_DEPENDENT_SHAPE_REPRESENTATION ( #82, #1398 ) ;
#1260 = CC_DESIGN_PERSON_AND_ORGANIZATION_ASSIGNMENT ( #278, #758, ( #1111 ) ) ;
#1261 = APPROVAL_DATE_TIME ( #2835, #1900 ) ;
#1262 = CARTESIAN_POINT ( 'NONE',  ( -155.6749031762932418, 23.22237851755419413, -20.01105811084619290 ) ) ;
#1263 = CARTESIAN_POINT ( 'NONE',  ( 39.37007874015777986, 86.93197669848555620, -2.175696663456278657 ) ) ;
#1264 = PERSON_AND_ORGANIZATION ( #1258, #858 ) ;
#1265 = PRODUCT_DEFINITION_SHAPE ( 'NONE', 'NONE',  #2876 ) ;
#1266 = COORDINATED_UNIVERSAL_TIME_OFFSET ( 5, 0, .BEHIND. ) ;
#1267 = EDGE_LOOP ( 'NONE', ( #77, #2525, #1993, #2005 ) ) ;
#1268 = CARTESIAN_POINT ( 'NONE',  ( 11.50000000000000000, -7.984084880636602932, 3.438328912466843690 ) ) ;
#1269 = SECURITY_CLASSIFICATION_LEVEL ( 'unclassified' ) ;
#1270 = FACE_OUTER_BOUND ( 'NONE', #1699, .T. ) ;
#1271 = PERSON_AND_ORGANIZATION_ROLE ( 'classification_officer' ) ;
#1272 = DATE_AND_TIME ( #1521, #2117 ) ;
#1273 = CARTESIAN_POINT ( 'NONE',  ( 127.0543895766069653, -37.39619507942415311, -3.422440268760200244 ) ) ;
#1274 = VECTOR ( 'NONE', #2081, 39.37007874015748143 ) ;
#1275 = UNCERTAINTY_MEASURE_WITH_UNIT (LENGTH_MEASURE( 1.000000000000000082E-05 ), #571, 'distance_accuracy_value', 'NONE');
#1276 = CARTESIAN_POINT ( 'NONE',  ( 39.37007874015777986, -6.068023301514447354, -2.175696663456278657 ) ) ;
#1277 = COORDINATED_UNIVERSAL_TIME_OFFSET ( 5, 0, .BEHIND. ) ;
#1278 = CC_DESIGN_DATE_AND_TIME_ASSIGNMENT ( #2082, #971, ( #476 ) ) ;
#1279 = CALENDAR_DATE ( 2026, 4, 8 ) ;
#1280 = EDGE_CURVE ( 'NONE', #199, #1670, #1224, .T. ) ;
#1281 = ORGANIZATION ( 'NAUO-ORG5', 'UNSPECIFIED', 'UNSPECIFIED' ) ;
#1282 = ORIENTED_EDGE ( 'NONE', *, *, #496, .F. ) ;
#1283 = AXIS2_PLACEMENT_3D ( 'NONE', #668, #1223, #2113 ) ;
#1284 =( REPRESENTATION_RELATIONSHIP ('NONE','NONE', #2345, #1953 ) REPRESENTATION_RELATIONSHIP_WITH_TRANSFORMATION ( #859 )SHAPE_REPRESENTATION_RELATIONSHIP( ) );
#1285 = CC_DESIGN_APPROVAL ( #2780, ( #2670 ) ) ;
#1286 = APPROVAL_ROLE ( '' ) ;
#1287 = CARTESIAN_POINT ( 'NONE',  ( 11.50000000000000000, -7.984084880636602932, 3.438328912466843690 ) ) ;
#1288 = COORDINATED_UNIVERSAL_TIME_OFFSET ( 5, 0, .BEHIND. ) ;
#1289 = CALENDAR_DATE ( 2026, 4, 8 ) ;
#1290 = PERSON ( 'NAUO-PER35', 'UNSPECIFIED', 'UNSPECIFIED', ('UNSPECIFIED'), ('UNSPECIFIED'), ('UNSPECIFIED') ) ;
#1291 = CARTESIAN_POINT ( 'NONE',  ( 0.000000000000000000, -8.550000000000038014, -11.00226213623696303 ) ) ;
#1292 = AXIS2_PLACEMENT_3D ( 'NONE', #987, #1898, #1193 ) ;
#1293 = SHAPE_REPRESENTATION_RELATIONSHIP ( 'NONE' , 'NONE' ,  #2043, #1916 ) ;
#1294 = PERSON_AND_ORGANIZATION ( #1258, #858 ) ;
#1295 = COORDINATED_UNIVERSAL_TIME_OFFSET ( 5, 0, .BEHIND. ) ;
#1296 = CC_DESIGN_DATE_AND_TIME_ASSIGNMENT ( #1036, #996, ( #950 ) ) ;
#1297 = EDGE_LOOP ( 'NONE', ( #1410, #1863, #221, #728 ) ) ;
#1298 = CC_DESIGN_PERSON_AND_ORGANIZATION_ASSIGNMENT ( #2718, #2680, ( #1747 ) ) ;
#1299 = CALENDAR_DATE ( 2026, 4, 8 ) ;
#1300 = DIRECTION ( 'NONE',  ( -0.000000000000000000, 0.000000000000000000, 1.000000000000000000 ) ) ;
#1301 = ADVANCED_FACE ( 'NONE', ( #2741 ), #1210, .F. ) ;
#1302 = CC_DESIGN_APPROVAL ( #1335, ( #2092 ) ) ;
#1303 = ITEM_DEFINED_TRANSFORMATION ( 'NONE', 'NONE', #764,  #373 ) ;
#1304 = APPROVAL_STATUS ( 'not_yet_approved' ) ;
#1305 = APPROVAL_PERSON_ORGANIZATION ( #2519, #2437, #70 ) ;
#1306 = SECURITY_CLASSIFICATION ( '', '', #2281 ) ;
#1307 = CARTESIAN_POINT ( 'NONE',  ( 16.37999999999999901, -8.550000000000038014, 22.62992125984275660 ) ) ;
#1308 = SECURITY_CLASSIFICATION ( '', '', #1552 ) ;
#1309 = DIRECTION ( 'NONE',  ( 1.000000000000000000, 0.000000000000000000, 0.000000000000000000 ) ) ;
#1310 = PERSON_AND_ORGANIZATION ( #1258, #858 ) ;
#1311 = CALENDAR_DATE ( 2026, 4, 8 ) ;
#1312 = CARTESIAN_POINT ( 'NONE',  ( 9621.544363685643475, -199.4767554566034846, -10.85678193649149215 ) ) ;
#1313 = ORIENTED_EDGE ( 'NONE', *, *, #2261, .T. ) ;
#1314 = APPROVAL ( #2130, 'UNKNOWN' ) ;
#1315 = APPROVAL_DATE_TIME ( #644, #1003 ) ;
#1316 = CARTESIAN_POINT ( 'NONE',  ( -9.370628073632953914, -11.00121272966391750, 12.31905676789047277 ) ) ;
#1317 = CC_DESIGN_DATE_AND_TIME_ASSIGNMENT ( #1221, #2397, ( #1871 ) ) ;
#1318 = COORDINATED_UNIVERSAL_TIME_OFFSET ( 5, 0, .BEHIND. ) ;
#1319 = ADVANCED_FACE ( 'NONE', ( #525 ), #2561, .T. ) ;
#1320 = PRODUCT_DEFINITION_SHAPE ( 'NONE', 'NONE',  #2851 ) ;
#1321 = DIRECTION ( 'NONE',  ( 0.000000000000000000, 0.000000000000000000, 1.000000000000000000 ) ) ;
#1322 = APPROVAL_ROLE ( '' ) ;
#1323 = CC_DESIGN_SECURITY_CLASSIFICATION ( #942, ( #2858 ) ) ;
#1324 = VECTOR ( 'NONE', #242, 39.37007874015748143 ) ;
#1325 = APPROVAL_STATUS ( 'not_yet_approved' ) ;
#1326 = DIRECTION ( 'NONE',  ( 0.000000000000000000, 0.000000000000000000, 1.000000000000000000 ) ) ;
#1327 = ORIENTED_EDGE ( 'NONE', *, *, #1666, .T. ) ;
#1328 = LOCAL_TIME ( 5, 5, 52.00000000000000000, #1216 ) ;
#1329 = APPROVAL_PERSON_ORGANIZATION ( #2609, #1200, #1322 ) ;
#1330 = ORIENTED_EDGE ( 'NONE', *, *, #2677, .T. ) ;
#1331 = LINE ( 'NONE', #18, #2524 ) ;
#1332 = SECURITY_CLASSIFICATION ( '', '', #2505 ) ;
#1333 = SECURITY_CLASSIFICATION ( '', '', #2210 ) ;
#1334 = DATE_AND_TIME ( #660, #1328 ) ;
#1335 = APPROVAL ( #1676, 'UNSPECIFIED' ) ;
#1336 = SPHERICAL_SURFACE ( 'NONE', #772, 29.99999999999986855 ) ;
#1337 = CC_DESIGN_DATE_AND_TIME_ASSIGNMENT ( #681, #136, ( #295 ) ) ;
#1338 = APPLICATION_PROTOCOL_DEFINITION ( 'international standard', 'config_control_design', 1994, #1828 ) ;
#1339 = AXIS2_PLACEMENT_3D ( 'NONE', #675, #226, #1566 ) ;
#1340 = DATE_AND_TIME ( #857, #2644 ) ;
#1341 = COORDINATED_UNIVERSAL_TIME_OFFSET ( 5, 0, .BEHIND. ) ;
#1342 = VERTEX_POINT ( 'NONE', #287 ) ;
#1343 = LINE ( 'NONE', #2217, #757 ) ;
#1344 = APPROVAL_STATUS ( 'not_yet_approved' ) ;
#1345 = SECURITY_CLASSIFICATION_LEVEL ( 'unclassified' ) ;
#1346 = CARTESIAN_POINT ( 'NONE',  ( 11.50000000000000000, 9.515915119363397068, 3.438328912466843690 ) ) ;
#1347 = CC_DESIGN_APPROVAL ( #1593, ( #1254 ) ) ;
#1348 = APPROVAL ( #1227, 'UNKNOWN' ) ;
#1349 = CC_DESIGN_APPROVAL ( #793, ( #273 ) ) ;
#1350 = APPROVAL_PERSON_ORGANIZATION ( #2743, #726, #1006 ) ;
#1351 = PERSON_AND_ORGANIZATION ( #1258, #858 ) ;
#1352 = LOCAL_TIME ( 5, 5, 52.00000000000000000, #1462 ) ;
#1353 = APPROVAL_DATE_TIME ( #1142, #896 ) ;
#1354 = PERSON_AND_ORGANIZATION ( #1258, #858 ) ;
#1355 = ORIENTED_EDGE ( 'NONE', *, *, #1133, .F. ) ;
#1356 = EDGE_CURVE ( 'NONE', #2751, #1453, #1838, .T. ) ;
#1357 = PERSON ( 'NAUO-PER24', 'UNSPECIFIED', 'UNSPECIFIED', ('UNSPECIFIED'), ('UNSPECIFIED'), ('UNSPECIFIED') ) ;
#1358 = CARTESIAN_POINT ( 'NONE',  ( 0.000000000000000000, -1.334457776133509910, 6.252773296258497204 ) ) ;
#1359 = CONTEXT_DEPENDENT_SHAPE_REPRESENTATION ( #1145, #892 ) ;
#1360 = CARTESIAN_POINT ( 'NONE',  ( 16.37999999999999901, -8.550000000000038014, -11.00226213623696303 ) ) ;
#1361 = LOCAL_TIME ( 5, 5, 52.00000000000000000, #359 ) ;
#1362 = APPLICATION_PROTOCOL_DEFINITION ( 'international standard', 'config_control_design', 1994, #2430 ) ;
#1363 = PERSON_AND_ORGANIZATION ( #904, #505 ) ;
#1364 = PERSON_AND_ORGANIZATION ( #1258, #858 ) ;
#1365 = PLANE ( 'NONE',  #867 ) ;
#1366 = CC_DESIGN_PERSON_AND_ORGANIZATION_ASSIGNMENT ( #844, #2161, ( #558 ) ) ;
#1367 = PRODUCT ( 'Part4^Assem1', 'Part4^Assem1', '', ( #1525 ) ) ;
#1368 = EDGE_CURVE ( 'NONE', #981, #928, #955, .T. ) ;
#1369 = EDGE_LOOP ( 'NONE', ( #1558, #1891, #1626, #1327 ) ) ;
#1370 = CARTESIAN_POINT ( 'NONE',  ( -154.2749031762932361, 23.22237851755419413, -20.01105811084619290 ) ) ;
#1371 = DATE_TIME_ROLE ( 'classification_date' ) ;
#1372 = FACE_OUTER_BOUND ( 'NONE', #2626, .T. ) ;
#1373 = CC_DESIGN_SECURITY_CLASSIFICATION ( #488, ( #2850 ) ) ;
#1374 = AXIS2_PLACEMENT_3D ( 'NONE', #821, #1618, #2316 ) ;
#1375 = PERSON_AND_ORGANIZATION ( #1258, #858 ) ;
#1376 = VECTOR ( 'NONE', #398, 39.37007874015748143 ) ;
#1377 = DATE_TIME_ROLE ( 'classification_date' ) ;
#1378 = APPROVAL_DATE_TIME ( #1169, #2572 ) ;
#1379 = CARTESIAN_POINT ( 'NONE',  ( 11.50000000000000000, -7.984084880636602932, 3.438328912466843690 ) ) ;
#1380 = CC_DESIGN_PERSON_AND_ORGANIZATION_ASSIGNMENT ( #1448, #2336, ( #2736 ) ) ;
#1381 = ORIENTED_EDGE ( 'NONE', *, *, #2477, .F. ) ;
#1382 = CARTESIAN_POINT ( 'NONE',  ( -9582.174284945485851, 192.0742743789555220, 14.24024829653508384 ) ) ;
#1383 = PERSON_AND_ORGANIZATION ( #2765, #2569 ) ;
#1384 = PRODUCT_DEFINITION_SHAPE ( 'NONE', 'NONE',  #1758 ) ;
#1385 = LINE ( 'NONE', #1136, #820 ) ;
#1386 = ADVANCED_FACE ( 'NONE', ( #1174 ), #2069, .F. ) ;
#1387 = DATE_AND_TIME ( #988, #1539 ) ;
#1388 = PERSON ( 'NAUO-PER9', 'UNSPECIFIED', 'UNSPECIFIED', ('UNSPECIFIED'), ('UNSPECIFIED'), ('UNSPECIFIED') ) ;
#1389 = PERSON_AND_ORGANIZATION_ROLE ( 'design_supplier' ) ;
#1390 = CC_DESIGN_SECURITY_CLASSIFICATION ( #1904, ( #2844 ) ) ;
#1391 = APPROVAL_STATUS ( 'not_yet_approved' ) ;
#1392 = ORGANIZATION ( 'NAUO-ORG18', 'UNSPECIFIED', 'UNSPECIFIED' ) ;
#1393 = ADVANCED_BREP_SHAPE_REPRESENTATION ( '', ( #212, #373 ), #914 ) ;
#1394 = EDGE_LOOP ( 'NONE', ( #2611, #700, #1235, #2216 ) ) ;
#1395 = DIRECTION ( 'NONE',  ( 0.000000000000000000, 0.000000000000000000, -1.000000000000000000 ) ) ;
#1396 = APPROVAL ( #1304, 'UNKNOWN' ) ;
#1397 = APPLICATION_CONTEXT ( 'configuration controlled 3d designs of mechanical parts and assemblies' ) ;
#1398 = PRODUCT_DEFINITION_SHAPE ( 'NONE', 'NONE',  #2867 ) ;
#1399 = VECTOR ( 'NONE', #2829, 39.37007874015748143 ) ;
#1400 = DATE_AND_TIME ( #2516, #2432 ) ;
#1401 = CALENDAR_DATE ( 2026, 4, 8 ) ;
#1402 = DIRECTION ( 'NONE',  ( 0.000000000000000000, 0.000000000000000000, 1.000000000000000000 ) ) ;
#1403 = CARTESIAN_POINT ( 'NONE',  ( 0.000000000000000000, -1.334457776133509910, -1.247226703741503462 ) ) ;
#1404 = ITEM_DEFINED_TRANSFORMATION ( 'NONE', 'NONE', #394,  #373 ) ;
#1405 = ADVANCED_FACE ( 'NONE', ( #2530 ), #2726, .T. ) ;
#1406 = COORDINATED_UNIVERSAL_TIME_OFFSET ( 5, 0, .BEHIND. ) ;
#1407 = ORGANIZATION ( 'NAUO-ORG36', 'UNSPECIFIED', 'UNSPECIFIED' ) ;
#1408 = SECURITY_CLASSIFICATION_LEVEL ( 'unclassified' ) ;
#1409 = PERSON_AND_ORGANIZATION_ROLE ( 'design_supplier' ) ;
#1410 = ORIENTED_EDGE ( 'NONE', *, *, #2761, .T. ) ;
#1411 = CARTESIAN_POINT ( 'NONE',  ( -9584.174284945485851, 223.0805877970713880, 7.462597148959528859 ) ) ;
#1412 = CONTEXT_DEPENDENT_SHAPE_REPRESENTATION ( #1430, #38 ) ;
#1413 = PERSON_AND_ORGANIZATION ( #1734, #59 ) ;
#1414 = LINE ( 'NONE', #332, #2673 ) ;
#1415 = PERSON_AND_ORGANIZATION_ROLE ( 'classification_officer' ) ;
#1416 = CC_DESIGN_DATE_AND_TIME_ASSIGNMENT ( #1842, #1213, ( #1758 ) ) ;
#1417 = CC_DESIGN_SECURITY_CLASSIFICATION ( #903, ( #2852 ) ) ;
#1418 = AXIS2_PLACEMENT_3D ( 'NONE', #1239, #852, #2131 ) ;
#1419 = COORDINATED_UNIVERSAL_TIME_OFFSET ( 5, 0, .BEHIND. ) ;
#1420 = APPROVAL ( #2077, 'UNSPECIFIED' ) ;
#1421 = LOCAL_TIME ( 5, 5, 52.00000000000000000, #1510 ) ;
#1422 =( NAMED_UNIT ( * ) PLANE_ANGLE_UNIT ( ) SI_UNIT ( $, .RADIAN. ) );
#1423 = SECURITY_CLASSIFICATION_LEVEL ( 'unclassified' ) ;
#1424 = APPLICATION_PROTOCOL_DEFINITION ( 'international standard', 'config_control_design', 1994, #375 ) ;
#1425 = ORIENTED_EDGE ( 'NONE', *, *, #2426, .T. ) ;
#1426 = VECTOR ( 'NONE', #1750, 39.37007874015748143 ) ;
#1427 = DIRECTION ( 'NONE',  ( 0.000000000000000000, 1.000000000000000000, 0.000000000000000000 ) ) ;
#1428 = ITEM_DEFINED_TRANSFORMATION ( 'NONE', 'NONE', #2300,  #373 ) ;
#1429 = ITEM_DEFINED_TRANSFORMATION ( 'NONE', 'NONE', #1418,  #373 ) ;
#1430 =( REPRESENTATION_RELATIONSHIP ('NONE','NONE', #2345, #2541 ) REPRESENTATION_RELATIONSHIP_WITH_TRANSFORMATION ( #1428 )SHAPE_REPRESENTATION_RELATIONSHIP( ) );
#1431 = CARTESIAN_POINT ( 'NONE',  ( 5.750000000000000000, 14.16554222386649009, -1.247226703741503462 ) ) ;
#1432 = APPROVAL_DATE_TIME ( #542, #524 ) ;
#1433 = APPROVAL_ROLE ( '' ) ;
#1434 = CARTESIAN_POINT ( 'NONE',  ( 5.750000000000000000, -1.334457776133509910, 6.252773296258497204 ) ) ;
#1435 = APPROVAL ( #1492, 'UNKNOWN' ) ;
#1436 = PERSON_AND_ORGANIZATION_ROLE ( 'creator' ) ;
#1437 = CC_DESIGN_APPROVAL ( #808, ( #572 ) ) ;
#1438 = CC_DESIGN_SECURITY_CLASSIFICATION ( #368, ( #2861 ) ) ;
#1439 = APPROVAL_ROLE ( '' ) ;
#1440 = EDGE_CURVE ( 'NONE', #656, #2683, #99, .T. ) ;
#1441 = PRODUCT_DEFINITION_FORMATION_WITH_SPECIFIED_SOURCE ( 'ANY', '', #2203, .NOT_KNOWN. ) ;
#1442 = ORIENTED_EDGE ( 'NONE', *, *, #1868, .F. ) ;
#1443 = CARTESIAN_POINT ( 'NONE',  ( -154.2749031762932361, -36.27762148244581653, -25.53011783130363455 ) ) ;
#1444 = LOCAL_TIME ( 5, 5, 52.00000000000000000, #2578 ) ;
#1445 = DATE_TIME_ROLE ( 'classification_date' ) ;
#1446 = CARTESIAN_POINT ( 'NONE',  ( -9582.174284945485851, 192.0742743789555220, 14.24024829653508384 ) ) ;
#1447 = SECURITY_CLASSIFICATION_LEVEL ( 'unclassified' ) ;
#1448 = PERSON_AND_ORGANIZATION ( #1258, #858 ) ;
#1449 = CARTESIAN_POINT ( 'NONE',  ( 11.50000000000000000, 0.000000000000000000, 0.000000000000000000 ) ) ;
#1450 = PERSON_AND_ORGANIZATION_ROLE ( 'classification_officer' ) ;
#1451 = APPROVAL_PERSON_ORGANIZATION ( #2713, #2222, #2314 ) ;
#1452 = CC_DESIGN_PERSON_AND_ORGANIZATION_ASSIGNMENT ( #2219, #1983, ( #1308 ) ) ;
#1453 = VERTEX_POINT ( 'NONE', #1851 ) ;
#1454 = PLANE ( 'NONE',  #1818 ) ;
#1455 = APPROVAL ( #2538, 'UNSPECIFIED' ) ;
#1456 = CONTEXT_DEPENDENT_SHAPE_REPRESENTATION ( #2577, #663 ) ;
#1457 = APPROVAL_ROLE ( '' ) ;
#1458 = DIRECTION ( 'NONE',  ( 0.000000000000000000, 0.000000000000000000, 1.000000000000000000 ) ) ;
#1459 = DIRECTION ( 'NONE',  ( -0.000000000000000000, -1.000000000000000000, -0.000000000000000000 ) ) ;
#1460 = APPROVAL_PERSON_ORGANIZATION ( #2754, #1825, #958 ) ;
#1461 = VECTOR ( 'NONE', #1893, 39.37007874015748143 ) ;
#1462 = COORDINATED_UNIVERSAL_TIME_OFFSET ( 5, 0, .BEHIND. ) ;
#1463 = COORDINATED_UNIVERSAL_TIME_OFFSET ( 5, 0, .BEHIND. ) ;
#1464 = CARTESIAN_POINT ( 'NONE',  ( 11.50000000000000000, -7.984084880636602932, 4.688328912466843690 ) ) ;
#1465 = APPROVAL_PERSON_ORGANIZATION ( #1653, #1455, #2324 ) ;
#1466 = DIRECTION ( 'NONE',  ( 0.000000000000000000, 0.000000000000000000, 1.000000000000000000 ) ) ;
#1467 = COORDINATED_UNIVERSAL_TIME_OFFSET ( 5, 0, .BEHIND. ) ;
#1468 = CC_DESIGN_APPROVAL ( #1435, ( #532 ) ) ;
#1469 = APPROVAL_PERSON_ORGANIZATION ( #850, #986, #806 ) ;
#1470 = MECHANICAL_CONTEXT ( 'NONE', #2078, 'mechanical' ) ;
#1471 = ORIENTED_EDGE ( 'NONE', *, *, #2171, .F. ) ;
#1472 = DIRECTION ( 'NONE',  ( 0.000000000000000000, -1.000000000000000000, 0.000000000000000000 ) ) ;
#1473 = PRODUCT_RELATED_PRODUCT_CATEGORY ( 'detail', '', ( #1527 ) ) ;
#1474 = DATE_AND_TIME ( #2411, #1905 ) ;
#1475 = CARTESIAN_POINT ( 'NONE',  ( 3.925081267339733504, 152.0928721591088504, 0.6407477203352555106 ) ) ;
#1476 = VECTOR ( 'NONE', #2649, 39.37007874015748143 ) ;
#1477 = CARTESIAN_POINT ( 'NONE',  ( 0.000000000000000000, -1.334457776133509910, -1.247226703741503462 ) ) ;
#1478 = DATE_AND_TIME ( #1030, #34 ) ;
#1479 = CONTEXT_DEPENDENT_SHAPE_REPRESENTATION ( #386, #2295 ) ;
#1480 = DIRECTION ( 'NONE',  ( -1.000000000000000000, -0.000000000000000000, -0.000000000000000000 ) ) ;
#1481 = UNCERTAINTY_MEASURE_WITH_UNIT (LENGTH_MEASURE( 1.000000000000000082E-05 ), #1637, 'distance_accuracy_value', 'NONE');
#1482 = DATE_AND_TIME ( #2393, #1040 ) ;
#1483 = CALENDAR_DATE ( 2026, 4, 8 ) ;
#1484 = ORIENTED_EDGE ( 'NONE', *, *, #2444, .F. ) ;
#1485 = LOCAL_TIME ( 5, 5, 52.00000000000000000, #1266 ) ;
#1486 = SECURITY_CLASSIFICATION ( '', '', #1447 ) ;
#1487 = LOCAL_TIME ( 5, 5, 52.00000000000000000, #1419 ) ;
#1488 = ITEM_DEFINED_TRANSFORMATION ( 'NONE', 'NONE', #722,  #373 ) ;
#1489 = ORGANIZATION ( 'NAUO-ORG28', 'UNSPECIFIED', 'UNSPECIFIED' ) ;
#1490 = FACE_OUTER_BOUND ( 'NONE', #1833, .T. ) ;
#1491 = DATE_AND_TIME ( #363, #1955 ) ;
#1492 = APPROVAL_STATUS ( 'not_yet_approved' ) ;
#1493 = CARTESIAN_POINT ( 'NONE',  ( 5.750000000000000000, -1.334457776133509910, -1.247226703741503462 ) ) ;
#1494 = PERSON ( 'NAUO-PER25', 'UNSPECIFIED', 'UNSPECIFIED', ('UNSPECIFIED'), ('UNSPECIFIED'), ('UNSPECIFIED') ) ;
#1495 = EDGE_CURVE ( 'NONE', #2683, #219, #1867, .T. ) ;
#1496 = SHAPE_DEFINITION_REPRESENTATION ( #2793, #2043 ) ;
#1497 = PRODUCT_DEFINITION_SHAPE ( 'NONE', 'NONE',  #2871 ) ;
#1498 = COORDINATED_UNIVERSAL_TIME_OFFSET ( 5, 0, .BEHIND. ) ;
#1499 = VERTEX_POINT ( 'NONE', #556 ) ;
#1500 = VECTOR ( 'NONE', #367, 39.37007874015748143 ) ;
#1501 = CARTESIAN_POINT ( 'NONE',  ( -154.2749031762932361, -36.27762148244581653, -20.01105811084619290 ) ) ;
#1502 = CONTEXT_DEPENDENT_SHAPE_REPRESENTATION ( #141, #617 ) ;
#1503 = PERSON_AND_ORGANIZATION_ROLE ( 'classification_officer' ) ;
#1504 = DIRECTION ( 'NONE',  ( 1.000000000000000000, 0.000000000000000000, -0.000000000000000000 ) ) ;
#1505 = DATE_TIME_ROLE ( 'classification_date' ) ;
#1506 = DIRECTION ( 'NONE',  ( -0.000000000000000000, -0.000000000000000000, 1.000000000000000000 ) ) ;
#1507 = AXIS2_PLACEMENT_3D ( 'NONE', #2298, #753, #495 ) ;
#1508 = PRODUCT_RELATED_PRODUCT_CATEGORY ( 'detail', '', ( #2203 ) ) ;
#1509 = CARTESIAN_POINT ( 'NONE',  ( 39.37007874015777986, 24.93197669848555620, -2.175696663456278657 ) ) ;
#1510 = COORDINATED_UNIVERSAL_TIME_OFFSET ( 5, 0, .BEHIND. ) ;
#1511 = CC_DESIGN_PERSON_AND_ORGANIZATION_ASSIGNMENT ( #414, #2417, ( #951 ) ) ;
#1512 = DATE_AND_TIME ( #1085, #1536 ) ;
#1513 = LOCAL_TIME ( 5, 5, 52.00000000000000000, #2457 ) ;
#1514 = ORIENTED_EDGE ( 'NONE', *, *, #1280, .T. ) ;
#1515 = AXIS2_PLACEMENT_3D ( 'NONE', #434, #1326, #218 ) ;
#1516 = EDGE_CURVE ( 'NONE', #1159, #246, #2575, .T. ) ;
#1517 = APPROVAL_STATUS ( 'not_yet_approved' ) ;
#1518 = FACE_OUTER_BOUND ( 'NONE', #16, .T. ) ;
#1519 = VECTOR ( 'NONE', #1969, 39.37007874015748143 ) ;
#1520 = APPROVAL_STATUS ( 'not_yet_approved' ) ;
#1521 = CALENDAR_DATE ( 2026, 4, 8 ) ;
#1522 = CARTESIAN_POINT ( 'NONE',  ( -155.6749031762932418, -36.27762148244581653, -20.01105811084619290 ) ) ;
#1523 = VECTOR ( 'NONE', #2321, 39.37007874015748143 ) ;
#1524 = CARTESIAN_POINT ( 'NONE',  ( 39.37007874015777986, 71.43197669848555620, -2.175696663456278657 ) ) ;
#1525 = MECHANICAL_CONTEXT ( 'NONE', #2379, 'mechanical' ) ;
#1526 = CC_DESIGN_PERSON_AND_ORGANIZATION_ASSIGNMENT ( #1255, #1720, ( #831 ) ) ;
#1527 = PRODUCT ( 'Cap stone', 'Cap stone', '', ( #1470 ) ) ;
#1528 = SECURITY_CLASSIFICATION_LEVEL ( 'unclassified' ) ;
#1529 = DIRECTION ( 'NONE',  ( 0.000000000000000000, 0.000000000000000000, 1.000000000000000000 ) ) ;
#1530 = VERTEX_POINT ( 'NONE', #2787 ) ;
#1531 = CC_DESIGN_PERSON_AND_ORGANIZATION_ASSIGNMENT ( #603, #802, ( #273 ) ) ;
#1532 = PERSON ( 'NAUO-PER19', 'UNSPECIFIED', 'UNSPECIFIED', ('UNSPECIFIED'), ('UNSPECIFIED'), ('UNSPECIFIED') ) ;
#1533 = ADVANCED_FACE ( 'NONE', ( #856 ), #392, .F. ) ;
#1534 = DATE_TIME_ROLE ( 'classification_date' ) ;
#1535 = LINE ( 'NONE', #2160, #1608 ) ;
#1536 = LOCAL_TIME ( 5, 5, 52.00000000000000000, #2212 ) ;
#1537 = PERSON_AND_ORGANIZATION_ROLE ( 'classification_officer' ) ;
#1538 = COORDINATED_UNIVERSAL_TIME_OFFSET ( 5, 0, .BEHIND. ) ;
#1539 = LOCAL_TIME ( 5, 5, 52.00000000000000000, #1869 ) ;
#1540 = CARTESIAN_POINT ( 'NONE',  ( 0.000000000000000000, -8.550000000000038014, -11.00226213623696303 ) ) ;
#1541 = APPROVAL_DATE_TIME ( #195, #805 ) ;
#1542 = AXIS2_PLACEMENT_3D ( 'NONE', #2720, #1472, #1908 ) ;
#1543 = SHAPE_DEFINITION_REPRESENTATION ( #225, #468 ) ;
#1544 =( REPRESENTATION_RELATIONSHIP ('NONE','NONE', #2345, #670 ) REPRESENTATION_RELATIONSHIP_WITH_TRANSFORMATION ( #516 )SHAPE_REPRESENTATION_RELATIONSHIP( ) );
#1545 = DIRECTION ( 'NONE',  ( 0.000000000000000000, 0.000000000000000000, 1.000000000000000000 ) ) ;
#1546 = ORIENTED_EDGE ( 'NONE', *, *, #7, .F. ) ;
#1547 = CC_DESIGN_DATE_AND_TIME_ASSIGNMENT ( #2758, #543, ( #1579 ) ) ;
#1548 = APPROVAL_PERSON_ORGANIZATION ( #498, #2441, #1602 ) ;
#1549 = PRODUCT_DEFINITION_SHAPE ( 'NONE', 'NONE',  #2865 ) ;
#1550 = FACE_OUTER_BOUND ( 'NONE', #2421, .T. ) ;
#1551 = CC_DESIGN_PERSON_AND_ORGANIZATION_ASSIGNMENT ( #121, #1903, ( #2531 ) ) ;
#1552 = SECURITY_CLASSIFICATION_LEVEL ( 'unclassified' ) ;
#1553 = PLANE ( 'NONE',  #1339 ) ;
#1554 = CALENDAR_DATE ( 2026, 4, 8 ) ;
#1555 = LOCAL_TIME ( 5, 5, 52.00000000000000000, #2559 ) ;
#1556 = APPROVAL_STATUS ( 'not_yet_approved' ) ;
#1557 = PERSON_AND_ORGANIZATION ( #1258, #858 ) ;
#1558 = ORIENTED_EDGE ( 'NONE', *, *, #2137, .T. ) ;
#1559 = AXIS2_PLACEMENT_3D ( 'NONE', #187, #2817, #1704 ) ;
#1560 = AXIS2_PLACEMENT_3D ( 'NONE', #2376, #2405, #1943 ) ;
#1561 = DIRECTION ( 'NONE',  ( -0.000000000000000000, 1.000000000000000000, 0.000000000000000000 ) ) ;
#1562 = CC_DESIGN_PERSON_AND_ORGANIZATION_ASSIGNMENT ( #146, #830, ( #532 ) ) ;
#1563 = LOCAL_TIME ( 5, 5, 52.00000000000000000, #431 ) ;
#1564 = APPROVAL_ROLE ( '' ) ;
#1565 = PERSON_AND_ORGANIZATION ( #340, #210 ) ;
#1566 = DIRECTION ( 'NONE',  ( 0.000000000000000000, -0.000000000000000000, -1.000000000000000000 ) ) ;
#1567 = EDGE_CURVE ( 'NONE', #437, #435, #618, .T. ) ;
#1568 = PERSON_AND_ORGANIZATION ( #1258, #858 ) ;
#1569 = VECTOR ( 'NONE', #816, 39.37007874015748143 ) ;
#1570 = DATE_TIME_ROLE ( 'classification_date' ) ;
#1571 = DIRECTION ( 'NONE',  ( 0.000000000000000000, 0.000000000000000000, 1.000000000000000000 ) ) ;
#1572 = ORIENTED_EDGE ( 'NONE', *, *, #2331, .F. ) ;
#1573 = PLANE ( 'NONE',  #1599 ) ;
#1574 = SECURITY_CLASSIFICATION_LEVEL ( 'unclassified' ) ;
#1575 = DIRECTION ( 'NONE',  ( -1.000000000000000000, 0.000000000000000000, 0.000000000000000000 ) ) ;
#1576 = CC_DESIGN_APPROVAL ( #2832, ( #950 ) ) ;
#1577 = APPLICATION_CONTEXT ( 'configuration controlled 3d designs of mechanical parts and assemblies' ) ;
#1578 = ORIENTED_EDGE ( 'NONE', *, *, #1883, .F. ) ;
#1579 = SECURITY_CLASSIFICATION ( '', '', #2546 ) ;
#1580 = PERSON_AND_ORGANIZATION_ROLE ( 'creator' ) ;
#1581 = CC_DESIGN_APPROVAL ( #1182, ( #1205 ) ) ;
#1582 = ADVANCED_FACE ( 'NONE', ( #1270 ), #2632, .F. ) ;
#1583 = DATE_AND_TIME ( #694, #2682 ) ;
#1584 = DIRECTION ( 'NONE',  ( 0.000000000000000000, 0.000000000000000000, 1.000000000000000000 ) ) ;
#1585 = EDGE_LOOP ( 'NONE', ( #2745, #2795, #2136, #2734 ) ) ;
#1586 = ORIENTED_EDGE ( 'NONE', *, *, #407, .F. ) ;
#1587 = LINE ( 'NONE', #897, #1689 ) ;
#1588 = CALENDAR_DATE ( 2026, 4, 8 ) ;
#1589 = DATE_TIME_ROLE ( 'classification_date' ) ;
#1590 = CARTESIAN_POINT ( 'NONE',  ( 127.0543895766069653, -11.00121272966391750, 12.31905676789047277 ) ) ;
#1591 = SECURITY_CLASSIFICATION ( '', '', #2442 ) ;
#1592 = PERSON_AND_ORGANIZATION_ROLE ( 'design_owner' ) ;
#1593 = APPROVAL ( #73, 'UNKNOWN' ) ;
#1594 = CONTEXT_DEPENDENT_SHAPE_REPRESENTATION ( #1931, #735 ) ;
#1595 = CC_DESIGN_PERSON_AND_ORGANIZATION_ASSIGNMENT ( #1140, #1580, ( #2623 ) ) ;
#1596 = COORDINATED_UNIVERSAL_TIME_OFFSET ( 5, 0, .BEHIND. ) ;
#1597 = LINE ( 'NONE', #2535, #2127 ) ;
#1598 = SECURITY_CLASSIFICATION ( '', '', #2588 ) ;
#1599 = AXIS2_PLACEMENT_3D ( 'NONE', #913, #222, #2647 ) ;
#1600 = VERTEX_POINT ( 'NONE', #1687 ) ;
#1601 = CARTESIAN_POINT ( 'NONE',  ( 16.37999999999999901, 127.8750176502398830, 22.62992125984275660 ) ) ;
#1602 = APPROVAL_ROLE ( '' ) ;
#1603 = COORDINATED_UNIVERSAL_TIME_OFFSET ( 5, 0, .BEHIND. ) ;
#1604 = FACE_OUTER_BOUND ( 'NONE', #1297, .T. ) ;
#1605 = ORGANIZATION ( 'NAUO-ORG6', 'UNSPECIFIED', 'UNSPECIFIED' ) ;
#1606 = AXIS2_PLACEMENT_3D ( 'NONE', #183, #882, #1001 ) ;
#1607 = CALENDAR_DATE ( 2026, 4, 8 ) ;
#1608 = VECTOR ( 'NONE', #2175, 39.37007874015748143 ) ;
#1609 = DATE_AND_TIME ( #2692, #2593 ) ;
#1610 = CC_DESIGN_DATE_AND_TIME_ASSIGNMENT ( #2036, #1589, ( #1835 ) ) ;
#1611 = DIRECTION ( 'NONE',  ( -1.000000000000000000, 0.000000000000000000, 0.000000000000000000 ) ) ;
#1612 = APPROVAL ( #1724, 'UNKNOWN' ) ;
#1613 = ORIENTED_EDGE ( 'NONE', *, *, #884, .T. ) ;
#1614 = LINE ( 'NONE', #741, #438 ) ;
#1615 = EDGE_CURVE ( 'NONE', #2243, #1640, #1535, .T. ) ;
#1616 = APPROVAL_ROLE ( '' ) ;
#1617 = CONTEXT_DEPENDENT_SHAPE_REPRESENTATION ( #240, #1186 ) ;
#1618 = DIRECTION ( 'NONE',  ( 0.000000000000000000, 0.000000000000000000, 1.000000000000000000 ) ) ;
#1619 = CARTESIAN_POINT ( 'NONE',  ( -9582.174284945485851, 192.0742743789555220, 7.462597148959528859 ) ) ;
#1620 = APPROVAL_STATUS ( 'not_yet_approved' ) ;
#1621 = COORDINATED_UNIVERSAL_TIME_OFFSET ( 5, 0, .BEHIND. ) ;
#1622 = APPROVAL_PERSON_ORGANIZATION ( #433, #2501, #1742 ) ;
#1623 = CALENDAR_DATE ( 2026, 4, 8 ) ;
#1624 = SECURITY_CLASSIFICATION_LEVEL ( 'unclassified' ) ;
#1625 = CARTESIAN_POINT ( 'NONE',  ( 39.62508126712634038, 152.0928721591635906, 0.6407477203352361927 ) ) ;
#1626 = ORIENTED_EDGE ( 'NONE', *, *, #2006, .F. ) ;
#1627 = PLANE ( 'NONE',  #52 ) ;
#1628 = PERSON ( 'NAUO-PER33', 'UNSPECIFIED', 'UNSPECIFIED', ('UNSPECIFIED'), ('UNSPECIFIED'), ('UNSPECIFIED') ) ;
#1629 = CC_DESIGN_PERSON_AND_ORGANIZATION_ASSIGNMENT ( #680, #640, ( #1723 ) ) ;
#1630 = COORDINATED_UNIVERSAL_TIME_OFFSET ( 5, 0, .BEHIND. ) ;
#1631 = DATE_TIME_ROLE ( 'classification_date' ) ;
#1632 = CC_DESIGN_DATE_AND_TIME_ASSIGNMENT ( #2823, #1712, ( #1333 ) ) ;
#1633 = CARTESIAN_POINT ( 'NONE',  ( -9.370628073632953914, -37.39619507942415311, -3.422440268760200244 ) ) ;
#1634 = PERSON_AND_ORGANIZATION ( #243, #2091 ) ;
#1635 = CALENDAR_DATE ( 2026, 4, 8 ) ;
#1636 = LOCAL_TIME ( 5, 5, 52.00000000000000000, #2753 ) ;
#1637 =( CONVERSION_BASED_UNIT ( 'INCH', #2731 ) LENGTH_UNIT ( ) NAMED_UNIT ( #2344 ) );
#1638 = CONTEXT_DEPENDENT_SHAPE_REPRESENTATION ( #343, #25 ) ;
#1639 = COORDINATED_UNIVERSAL_TIME_OFFSET ( 5, 0, .BEHIND. ) ;
#1640 = VERTEX_POINT ( 'NONE', #1923 ) ;
#1641 = LINE ( 'NONE', #1411, #1274 ) ;
#1642 = AXIS2_PLACEMENT_3D ( 'NONE', #310, #2330, #1834 ) ;
#1643 = ITEM_DEFINED_TRANSFORMATION ( 'NONE', 'NONE', #1694,  #373 ) ;
#1644 = CC_DESIGN_PERSON_AND_ORGANIZATION_ASSIGNMENT ( #2428, #2010, ( #903 ) ) ;
#1645 = CARTESIAN_POINT ( 'NONE',  ( -9582.174284945485851, 192.0742743789555220, 14.24024829653508384 ) ) ;
#1646 = CONTEXT_DEPENDENT_SHAPE_REPRESENTATION ( #2140, #1049 ) ;
#1647 = CC_DESIGN_SECURITY_CLASSIFICATION ( #1835, ( #2854 ) ) ;
#1648 = AXIS2_PLACEMENT_3D ( 'NONE', #2197, #1081, #1975 ) ;
#1649 = APPROVAL_DATE_TIME ( #747, #1198 ) ;
#1650 = DIRECTION ( 'NONE',  ( 0.000000000000000000, -0.000000000000000000, 1.000000000000000000 ) ) ;
#1651 = CC_DESIGN_APPROVAL ( #805, ( #951 ) ) ;
#1652 = EDGE_CURVE ( 'NONE', #656, #1670, #630, .T. ) ;
#1653 = PERSON_AND_ORGANIZATION ( #1258, #858 ) ;
#1654 = APPROVAL_ROLE ( '' ) ;
#1655 = EDGE_LOOP ( 'NONE', ( #2642, #536, #2463, #1313 ) ) ;
#1656 = VECTOR ( 'NONE', #2589, 39.37007874015748143 ) ;
#1657 = DIRECTION ( 'NONE',  ( 0.000000000000000000, 0.000000000000000000, 1.000000000000000000 ) ) ;
#1658 = CALENDAR_DATE ( 2026, 4, 8 ) ;
#1659 = APPROVAL_STATUS ( 'not_yet_approved' ) ;
#1660 = DIRECTION ( 'NONE',  ( 0.000000000000000000, -1.000000000000000000, 0.000000000000000000 ) ) ;
#1661 = CALENDAR_DATE ( 2026, 4, 8 ) ;
#1662 = APPROVAL_DATE_TIME ( #1194, #726 ) ;
#1663 = FACE_OUTER_BOUND ( 'NONE', #1585, .T. ) ;
#1664 =( CONVERSION_BASED_UNIT ( 'INCH', #748 ) LENGTH_UNIT ( ) NAMED_UNIT ( #2144 ) );
#1665 = PERSON_AND_ORGANIZATION ( #1258, #858 ) ;
#1666 = EDGE_CURVE ( 'NONE', #1104, #246, #2386, .T. ) ;
#1667 = LOCAL_TIME ( 5, 5, 52.00000000000000000, #2794 ) ;
#1668 = CC_DESIGN_SECURITY_CLASSIFICATION ( #31, ( #2865 ) ) ;
#1669 = LOCAL_TIME ( 5, 5, 52.00000000000000000, #2073 ) ;
#1670 = VERTEX_POINT ( 'NONE', #600 ) ;
#1671 = CARTESIAN_POINT ( 'NONE',  ( -9.370628073632953914, -37.39619507942415311, -3.422440268760200244 ) ) ;
#1672 = CC_DESIGN_SECURITY_CLASSIFICATION ( #835, ( #2870 ) ) ;
#1673 = APPROVAL_DATE_TIME ( #2816, #185 ) ;
#1674 = DIRECTION ( 'NONE',  ( 1.000000000000000000, -0.000000000000000000, 0.000000000000000000 ) ) ;
#1675 = APPROVAL_STATUS ( 'not_yet_approved' ) ;
#1676 = APPROVAL_STATUS ( 'not_yet_approved' ) ;
#1677 = DIRECTION ( 'NONE',  ( -0.000000000000000000, 1.000000000000000000, 0.000000000000000000 ) ) ;
#1678 = APPROVAL_ROLE ( '' ) ;
#1679 = CALENDAR_DATE ( 2026, 4, 8 ) ;
#1680 = CC_DESIGN_DATE_AND_TIME_ASSIGNMENT ( #548, #576, ( #572 ) ) ;
#1681 = VERTEX_POINT ( 'NONE', #170 ) ;
#1682 =( NAMED_UNIT ( * ) PLANE_ANGLE_UNIT ( ) SI_UNIT ( $, .RADIAN. ) );
#1683 =( REPRESENTATION_RELATIONSHIP ('NONE','NONE', #2345, #468 ) REPRESENTATION_RELATIONSHIP_WITH_TRANSFORMATION ( #1429 )SHAPE_REPRESENTATION_RELATIONSHIP( ) );
#1684 = EDGE_CURVE ( 'NONE', #1252, #284, #377, .T. ) ;
#1685 = CONTEXT_DEPENDENT_SHAPE_REPRESENTATION ( #1874, #2260 ) ;
#1686 = CARTESIAN_POINT ( 'NONE',  ( 6.535620964023208579, 157.3170876678024968, -2.193696663456278451 ) ) ;
#1687 = CARTESIAN_POINT ( 'NONE',  ( 5.750000000000000000, -1.334457776133509910, -1.247226703741503462 ) ) ;
#1688 = LOCAL_TIME ( 5, 5, 52.00000000000000000, #286 ) ;
#1689 = VECTOR ( 'NONE', #2480, 39.37007874015748143 ) ;
#1690 = DATE_TIME_ROLE ( 'classification_date' ) ;
#1691 = CONTEXT_DEPENDENT_SHAPE_REPRESENTATION ( #1988, #432 ) ;
#1692 = LINE ( 'NONE', #1096, #119 ) ;
#1693 = LOCAL_TIME ( 5, 5, 52.00000000000000000, #90 ) ;
#1694 = AXIS2_PLACEMENT_3D ( 'NONE', #784, #2560, #567 ) ;
#1695 = CARTESIAN_POINT ( 'NONE',  ( 39.37007874015777986, 55.93197669848555620, -2.175696663456278657 ) ) ;
#1696 = SECURITY_CLASSIFICATION_LEVEL ( 'unclassified' ) ;
#1697 = CC_DESIGN_APPROVAL ( #2202, ( #2209 ) ) ;
#1698 = CC_DESIGN_APPROVAL ( #76, ( #813 ) ) ;
#1699 = EDGE_LOOP ( 'NONE', ( #420, #1546, #29, #2228 ) ) ;
#1700 = SHAPE_REPRESENTATION_RELATIONSHIP ( 'NONE' , 'NONE' ,  #670, #1150 ) ;
#1701 = CC_DESIGN_DATE_AND_TIME_ASSIGNMENT ( #719, #1690, ( #1486 ) ) ;
#1702 = APPROVAL_DATE_TIME ( #1954, #2202 ) ;
#1703 = VECTOR ( 'NONE', #647, 39.37007874015748143 ) ;
#1704 = DIRECTION ( 'NONE',  ( 0.000000000000000000, -0.000000000000000000, -1.000000000000000000 ) ) ;
#1705 = EDGE_CURVE ( 'NONE', #997, #2669, #586, .T. ) ;
#1706 = ADVANCED_BREP_SHAPE_REPRESENTATION ( '', ( #156, #373 ), #2051 ) ;
#1707 = AXIS2_PLACEMENT_3D ( 'NONE', #761, #1677, #1650 ) ;
#1708 = CALENDAR_DATE ( 2026, 4, 8 ) ;
#1709 = ITEM_DEFINED_TRANSFORMATION ( 'NONE', 'NONE', #2118,  #373 ) ;
#1710 = LINE ( 'NONE', #1307, #354 ) ;
#1711 = UNCERTAINTY_MEASURE_WITH_UNIT (LENGTH_MEASURE( 1.000000000000000082E-05 ), #1664, 'distance_accuracy_value', 'NONE');
#1712 = DATE_TIME_ROLE ( 'classification_date' ) ;
#1713 = PERSON_AND_ORGANIZATION_ROLE ( 'classification_officer' ) ;
#1714 = ORIENTED_EDGE ( 'NONE', *, *, #2041, .T. ) ;
#1715 = SECURITY_CLASSIFICATION ( '', '', #893 ) ;
#1716 = LINE ( 'NONE', #1949, #1399 ) ;
#1717 = APPROVAL_PERSON_ORGANIZATION ( #1255, #185, #1457 ) ;
#1718 = DATE_TIME_ROLE ( 'classification_date' ) ;
#1719 = CC_DESIGN_APPROVAL ( #2114, ( #2623 ) ) ;
#1720 = PERSON_AND_ORGANIZATION_ROLE ( 'classification_officer' ) ;
#1721 = ORGANIZATION ( 'NAUO-ORG27', 'UNSPECIFIED', 'UNSPECIFIED' ) ;
#1722 = LINE ( 'NONE', #1939, #1141 ) ;
#1723 = PRODUCT_DEFINITION ( 'UNKNOWN', '', #2422, #2661 ) ;
#1724 = APPROVAL_STATUS ( 'not_yet_approved' ) ;
#1725 = CC_DESIGN_DATE_AND_TIME_ASSIGNMENT ( #1482, #401, ( #2460 ) ) ;
#1726 = CARTESIAN_POINT ( 'NONE',  ( 5.750000000000000000, -1.334457776133509910, 6.252773296258497204 ) ) ;
#1727 = PERSON_AND_ORGANIZATION ( #1258, #858 ) ;
#1728 =( REPRESENTATION_RELATIONSHIP ('NONE','NONE', #2345, #2541 ) REPRESENTATION_RELATIONSHIP_WITH_TRANSFORMATION ( #2722 )SHAPE_REPRESENTATION_RELATIONSHIP( ) );
#1729 = CALENDAR_DATE ( 2026, 4, 8 ) ;
#1730 = ORIENTED_EDGE ( 'NONE', *, *, #587, .F. ) ;
#1731 = ORGANIZATION ( 'NAUO-ORG35', 'UNSPECIFIED', 'UNSPECIFIED' ) ;
#1732 = DIRECTION ( 'NONE',  ( -1.000000000000000000, 0.000000000000000000, -0.000000000000000000 ) ) ;
#1733 = CALENDAR_DATE ( 2026, 4, 8 ) ;
#1734 = PERSON ( 'NAUO-PER15', 'UNSPECIFIED', 'UNSPECIFIED', ('UNSPECIFIED'), ('UNSPECIFIED'), ('UNSPECIFIED') ) ;
#1735 = CARTESIAN_POINT ( 'NONE',  ( 153.4493719263671778, 22.63097066641579858, -3.422440268760200244 ) ) ;
#1736 = CC_DESIGN_PERSON_AND_ORGANIZATION_ASSIGNMENT ( #1413, #2315, ( #942 ) ) ;
#1737 = FACE_OUTER_BOUND ( 'NONE', #2016, .T. ) ;
#1738 = DESIGN_CONTEXT ( 'detailed design', #2230, 'design' ) ;
#1739 = DIRECTION ( 'NONE',  ( 0.000000000000000000, 0.000000000000000000, 1.000000000000000000 ) ) ;
#1740 = APPROVAL_DATE_TIME ( #1197, #1420 ) ;
#1741 = ADVANCED_FACE ( 'NONE', ( #1518 ), #1056, .T. ) ;
#1742 = APPROVAL_ROLE ( '' ) ;
#1743 =( REPRESENTATION_RELATIONSHIP ('NONE','NONE', #2345, #670 ) REPRESENTATION_RELATIONSHIP_WITH_TRANSFORMATION ( #2773 )SHAPE_REPRESENTATION_RELATIONSHIP( ) );
#1744 = DIRECTION ( 'NONE',  ( 0.000000000000000000, 0.000000000000000000, 1.000000000000000000 ) ) ;
#1745 = LOCAL_TIME ( 5, 5, 52.00000000000000000, #2186 ) ;
#1746 = ORIENTED_EDGE ( 'NONE', *, *, #2677, .F. ) ;
#1747 = PRODUCT_DEFINITION_FORMATION_WITH_SPECIFIED_SOURCE ( 'ANY', '', #1125, .NOT_KNOWN. ) ;
#1748 = ITEM_DEFINED_TRANSFORMATION ( 'NONE', 'NONE', #1928,  #373 ) ;
#1749 = VERTEX_POINT ( 'NONE', #1477 ) ;
#1750 = DIRECTION ( 'NONE',  ( 0.000000000000000000, 1.000000000000000000, 0.000000000000000000 ) ) ;
#1751 = AXIS2_PLACEMENT_3D ( 'NONE', #1823, #1575, #458 ) ;
#1752 = PERSON_AND_ORGANIZATION_ROLE ( 'classification_officer' ) ;
#1753 = APPROVAL_DATE_TIME ( #2414, #1396 ) ;
#1754 = DIRECTION ( 'NONE',  ( -1.000000000000000000, -0.000000000000000000, -0.000000000000000000 ) ) ;
#1755 = VECTOR ( 'NONE', #938, 39.37007874015748143 ) ;
#1756 = PRODUCT_DEFINITION_SHAPE ( 'NONE', 'NONE',  #2868 ) ;
#1757 = PERSON_AND_ORGANIZATION_ROLE ( 'design_supplier' ) ;
#1758 = PRODUCT_DEFINITION ( 'UNKNOWN', '', #1441, #1065 ) ;
#1759 = PRODUCT_DEFINITION_SHAPE ( 'NONE', 'NONE',  #1723 ) ;
#1760 = PERSON_AND_ORGANIZATION ( #1258, #858 ) ;
#1761 = PRODUCT_DEFINITION ( 'UNKNOWN', '', #1747, #399 ) ;
#1762 = DIRECTION ( 'NONE',  ( 0.000000000000000000, 0.000000000000000000, 1.000000000000000000 ) ) ;
#1763 = ORIENTED_EDGE ( 'NONE', *, *, #1666, .F. ) ;
#1764 =( GEOMETRIC_REPRESENTATION_CONTEXT ( 3 ) GLOBAL_UNCERTAINTY_ASSIGNED_CONTEXT ( ( #1481 ) ) GLOBAL_UNIT_ASSIGNED_CONTEXT ( ( #1637, #610, #161 ) ) REPRESENTATION_CONTEXT ( 'NONE', 'WORKASPACE' ) );
#1765 = ORIENTED_EDGE ( 'NONE', *, *, #1368, .T. ) ;
#1766 = DIRECTION ( 'NONE',  ( -0.000000000000000000, -1.000000000000000000, -0.000000000000000000 ) ) ;
#1767 = ADVANCED_FACE ( 'NONE', ( #2570 ), #1454, .F. ) ;
#1768 = CALENDAR_DATE ( 2026, 4, 8 ) ;
#1769 = ORGANIZATION ( 'NAUO-ORG20', 'UNSPECIFIED', 'UNSPECIFIED' ) ;
#1770 = LINE ( 'NONE', #2660, #1476 ) ;
#1771 = DESIGN_CONTEXT ( 'detailed design', #1118, 'design' ) ;
#1772 = DATE_TIME_ROLE ( 'classification_date' ) ;
#1773 = PERSON ( 'NAUO-PER31', 'UNSPECIFIED', 'UNSPECIFIED', ('UNSPECIFIED'), ('UNSPECIFIED'), ('UNSPECIFIED') ) ;
#1774 = SHAPE_DEFINITION_REPRESENTATION ( #1759, #670 ) ;
#1775 = CC_DESIGN_PERSON_AND_ORGANIZATION_ASSIGNMENT ( #1072, #1968, ( #1809 ) ) ;
#1776 = CARTESIAN_POINT ( 'NONE',  ( 37.53562096402320236, 157.3170876678105969, -2.193696663456278007 ) ) ;
#1777 = VERTEX_POINT ( 'NONE', #2370 ) ;
#1778 = CARTESIAN_POINT ( 'NONE',  ( 16.37999999999999901, 127.8750176502398830, 22.62992125984275660 ) ) ;
#1779 = ADVANCED_FACE ( 'NONE', ( #2425 ), #144, .F. ) ;
#1780 = APPROVAL_DATE_TIME ( #249, #402 ) ;
#1781 = PRODUCT_DEFINITION_SHAPE ( 'NONE', 'NONE',  #2736 ) ;
#1782 = CARTESIAN_POINT ( 'NONE',  ( 16.37999999999999901, -8.550000000000038014, 22.62992125984275660 ) ) ;
#1783 = APPLICATION_PROTOCOL_DEFINITION ( 'international standard', 'config_control_design', 1994, #206 ) ;
#1784 = AXIS2_PLACEMENT_3D ( 'NONE', #2098, #1171, #107 ) ;
#1785 = APPROVAL_STATUS ( 'not_yet_approved' ) ;
#1786 = CALENDAR_DATE ( 2026, 4, 8 ) ;
#1787 = VERTEX_POINT ( 'NONE', #2399 ) ;
#1788 = PERSON_AND_ORGANIZATION_ROLE ( 'creator' ) ;
#1789 = AXIS2_PLACEMENT_3D ( 'NONE', #2289, #66, #2084 ) ;
#1790 = LINE ( 'NONE', #2259, #485 ) ;
#1791 = CC_DESIGN_APPROVAL ( #1116, ( #1333 ) ) ;
#1792 = CALENDAR_DATE ( 2026, 4, 8 ) ;
#1793 = CALENDAR_DATE ( 2026, 4, 8 ) ;
#1794 = ADVANCED_FACE ( 'NONE', ( #1490 ), #409, .F. ) ;
#1795 = CARTESIAN_POINT ( 'NONE',  ( 5.750000000000000000, -1.334457776133509910, -1.247226703741503462 ) ) ;
#1796 = COORDINATED_UNIVERSAL_TIME_OFFSET ( 5, 0, .BEHIND. ) ;
#1797 = VECTOR ( 'NONE', #861, 39.37007874015748143 ) ;
#1798 = APPROVAL_STATUS ( 'not_yet_approved' ) ;
#1799 = COORDINATED_UNIVERSAL_TIME_OFFSET ( 5, 0, .BEHIND. ) ;
#1800 = VERTEX_POINT ( 'NONE', #1735 ) ;
#1801 = LINE ( 'NONE', #1147, #250 ) ;
#1802 = APPROVAL_ROLE ( '' ) ;
#1803 = APPROVAL_ROLE ( '' ) ;
#1804 = CC_DESIGN_PERSON_AND_ORGANIZATION_ASSIGNMENT ( #2610, #2434, ( #2422 ) ) ;
#1805 = CARTESIAN_POINT ( 'NONE',  ( 11.50000000000000000, -7.984084880636602932, 4.688328912466843690 ) ) ;
#1806 = PERSON ( 'NAUO-PER3', 'UNSPECIFIED', 'UNSPECIFIED', ('UNSPECIFIED'), ('UNSPECIFIED'), ('UNSPECIFIED') ) ;
#1807 = LOCAL_TIME ( 5, 5, 52.00000000000000000, #2183 ) ;
#1808 = APPROVAL ( #474, 'UNSPECIFIED' ) ;
#1809 = SECURITY_CLASSIFICATION ( '', '', #1000 ) ;
#1810 = CC_DESIGN_SECURITY_CLASSIFICATION ( #1579, ( #1441 ) ) ;
#1811 = APPROVAL_ROLE ( '' ) ;
#1812 = APPROVAL_PERSON_ORGANIZATION ( #2658, #1182, #2481 ) ;
#1813 = EDGE_CURVE ( 'NONE', #2479, #244, #1722, .T. ) ;
#1814 = APPROVAL_ROLE ( '' ) ;
#1815 =( NAMED_UNIT ( * ) SI_UNIT ( $, .STERADIAN. ) SOLID_ANGLE_UNIT ( ) );
#1816 = PRODUCT_DEFINITION_SHAPE ( 'NONE', 'NONE',  #2864 ) ;
#1817 = LINE ( 'NONE', #2693, #1523 ) ;
#1818 = AXIS2_PLACEMENT_3D ( 'NONE', #2348, #2396, #1027 ) ;
#1819 = ORIENTED_EDGE ( 'NONE', *, *, #100, .T. ) ;
#1820 = PLANE ( 'NONE',  #1832 ) ;
#1821 = COORDINATED_UNIVERSAL_TIME_OFFSET ( 5, 0, .BEHIND. ) ;
#1822 = CALENDAR_DATE ( 2026, 4, 8 ) ;
#1823 = CARTESIAN_POINT ( 'NONE',  ( 0.000000000000000000, 0.000000000000000000, 0.000000000000000000 ) ) ;
#1824 = CC_DESIGN_SECURITY_CLASSIFICATION ( #476, ( #2875 ) ) ;
#1825 = APPROVAL ( #2724, 'UNKNOWN' ) ;
#1826 = CALENDAR_DATE ( 2026, 4, 8 ) ;
#1827 = DATE_AND_TIME ( #935, #60 ) ;
#1828 = APPLICATION_CONTEXT ( 'configuration controlled 3d designs of mechanical parts and assemblies' ) ;
#1829 = CALENDAR_DATE ( 2026, 4, 8 ) ;
#1830 = EDGE_CURVE ( 'NONE', #1876, #1104, #842, .T. ) ;
#1831 = APPROVAL_PERSON_ORGANIZATION ( #1383, #92, #1880 ) ;
#1832 = AXIS2_PLACEMENT_3D ( 'NONE', #1601, #2493, #203 ) ;
#1833 = EDGE_LOOP ( 'NONE', ( #493, #94, #2542, #2653 ) ) ;
#1834 = DIRECTION ( 'NONE',  ( 0.000000000000000000, 0.000000000000000000, 1.000000000000000000 ) ) ;
#1835 = SECURITY_CLASSIFICATION ( '', '', #1574 ) ;
#1836 = AXIS2_PLACEMENT_3D ( 'NONE', #148, #1929, #2810 ) ;
#1837 = CALENDAR_DATE ( 2026, 4, 8 ) ;
#1838 = LINE ( 'NONE', #2506, #2309 ) ;
#1839 = LOCAL_TIME ( 5, 5, 52.00000000000000000, #2220 ) ;
#1840 = CC_DESIGN_APPROVAL ( #1200, ( #777 ) ) ;
#1841 = COORDINATED_UNIVERSAL_TIME_OFFSET ( 5, 0, .BEHIND. ) ;
#1842 = DATE_AND_TIME ( #1635, #1202 ) ;
#1843 = VECTOR ( 'NONE', #209, 39.37007874015748143 ) ;
#1844 = APPROVAL_ROLE ( '' ) ;
#1845 = CALENDAR_DATE ( 2026, 4, 8 ) ;
#1846 = CC_DESIGN_PERSON_AND_ORGANIZATION_ASSIGNMENT ( #765, #2766, ( #648 ) ) ;
#1847 = CC_DESIGN_PERSON_AND_ORGANIZATION_ASSIGNMENT ( #1051, #1099, ( #777 ) ) ;
#1848 = ORIENTED_EDGE ( 'NONE', *, *, #759, .T. ) ;
#1849 = DIRECTION ( 'NONE',  ( 0.000000000000000000, 0.000000000000000000, 1.000000000000000000 ) ) ;
#1850 = DATE_TIME_ROLE ( 'classification_date' ) ;
#1851 = CARTESIAN_POINT ( 'NONE',  ( 11.50000000000000000, 9.515915119363397068, 3.438328912466843690 ) ) ;
#1852 = APPROVAL_DATE_TIME ( #960, #1348 ) ;
#1853 = APPROVAL_DATE_TIME ( #71, #165 ) ;
#1854 = CC_DESIGN_APPROVAL ( #652, ( #2422 ) ) ;
#1855 = ORGANIZATION ( 'NAUO-ORG19', 'UNSPECIFIED', 'UNSPECIFIED' ) ;
#1856 = APPROVAL_PERSON_ORGANIZATION ( #989, #165, #1901 ) ;
#1857 = LENGTH_MEASURE_WITH_UNIT ( LENGTH_MEASURE( 0.02539999999999999897 ), #89 );
#1858 = APPROVAL_DATE_TIME ( #2029, #1593 ) ;
#1859 = CALENDAR_DATE ( 2026, 4, 8 ) ;
#1860 = CC_DESIGN_SECURITY_CLASSIFICATION ( #558, ( #2869 ) ) ;
#1861 = APPROVAL ( #87, 'UNKNOWN' ) ;
#1862 = APPLICATION_CONTEXT ( 'configuration controlled 3d designs of mechanical parts and assemblies' ) ;
#1863 = ORIENTED_EDGE ( 'NONE', *, *, #1615, .F. ) ;
#1864 = CARTESIAN_POINT ( 'NONE',  ( -9582.174284945485851, 0.000000000000000000, 0.000000000000000000 ) ) ;
#1865 = CONTEXT_DEPENDENT_SHAPE_REPRESENTATION ( #595, #429 ) ;
#1866 = APPROVAL_DATE_TIME ( #2517, #791 ) ;
#1867 = LINE ( 'NONE', #1645, #912 ) ;
#1868 = EDGE_CURVE ( 'NONE', #631, #1787, #2507, .T. ) ;
#1869 = COORDINATED_UNIVERSAL_TIME_OFFSET ( 5, 0, .BEHIND. ) ;
#1870 = DATE_AND_TIME ( #2119, #1669 ) ;
#1871 = SECURITY_CLASSIFICATION ( '', '', #2558 ) ;
#1872 = DIRECTION ( 'NONE',  ( 0.000000000000000000, 1.000000000000000000, 0.000000000000000000 ) ) ;
#1873 = APPROVAL_ROLE ( '' ) ;
#1874 =( REPRESENTATION_RELATIONSHIP ('NONE','NONE', #2345, #2541 ) REPRESENTATION_RELATIONSHIP_WITH_TRANSFORMATION ( #1643 )SHAPE_REPRESENTATION_RELATIONSHIP( ) );
#1875 = APPLICATION_PROTOCOL_DEFINITION ( 'international standard', 'config_control_design', 1994, #1577 ) ;
#1876 = VERTEX_POINT ( 'NONE', #701 ) ;
#1877 = FACE_OUTER_BOUND ( 'NONE', #106, .T. ) ;
#1878 = AXIS2_PLACEMENT_3D ( 'NONE', #260, #30, #1106 ) ;
#1879 = COORDINATED_UNIVERSAL_TIME_OFFSET ( 5, 0, .BEHIND. ) ;
#1880 = APPROVAL_ROLE ( '' ) ;
#1881 = DIRECTION ( 'NONE',  ( -1.000000000000000000, -0.000000000000000000, -0.000000000000000000 ) ) ;
#1882 = CC_DESIGN_DATE_AND_TIME_ASSIGNMENT ( #1478, #1505, ( #558 ) ) ;
#1883 = EDGE_CURVE ( 'NONE', #2184, #981, #470, .T. ) ;
#1884 = APPROVAL_PERSON_ORGANIZATION ( #1196, #1396, #2579 ) ;
#1885 = CC_DESIGN_APPROVAL ( #2572, ( #1761 ) ) ;
#1886 = CALENDAR_DATE ( 2026, 4, 8 ) ;
#1887 = CARTESIAN_POINT ( 'NONE',  ( 0.000000000000000000, 14.16554222386649009, 6.252773296258497204 ) ) ;
#1888 = PERSON_AND_ORGANIZATION ( #1258, #858 ) ;
#1889 = AXIS2_PLACEMENT_3D ( 'NONE', #513, #2772, #2518 ) ;
#1890 = PERSON_AND_ORGANIZATION_ROLE ( 'creator' ) ;
#1891 = ORIENTED_EDGE ( 'NONE', *, *, #56, .F. ) ;
#1892 = CLOSED_SHELL ( 'NONE', ( #1080, #369, #1301, #1767, #2627, #871 ) ) ;
#1893 = DIRECTION ( 'NONE',  ( -0.000000000000000000, -0.000000000000000000, 1.000000000000000000 ) ) ;
#1894 = APPLICATION_CONTEXT ( 'configuration controlled 3d designs of mechanical parts and assemblies' ) ;
#1895 = DATE_AND_TIME ( #329, #708 ) ;
#1896 = APPROVAL_STATUS ( 'not_yet_approved' ) ;
#1897 = CARTESIAN_POINT ( 'NONE',  ( -8.964379035972143583, 157.3170876678027241, -2.193696663456278451 ) ) ;
#1898 = DIRECTION ( 'NONE',  ( -0.000000000000000000, 1.000000000000000000, -0.000000000000000000 ) ) ;
#1899 = ITEM_DEFINED_TRANSFORMATION ( 'NONE', 'NONE', #579,  #373 ) ;
#1900 = APPROVAL ( #1391, 'UNKNOWN' ) ;
#1901 = APPROVAL_ROLE ( '' ) ;
#1902 = VERTEX_POINT ( 'NONE', #2684 ) ;
#1903 = PERSON_AND_ORGANIZATION_ROLE ( 'creator' ) ;
#1904 = SECURITY_CLASSIFICATION ( '', '', #1528 ) ;
#1905 = LOCAL_TIME ( 5, 5, 52.00000000000000000, #2189 ) ;
#1906 = COORDINATED_UNIVERSAL_TIME_OFFSET ( 5, 0, .BEHIND. ) ;
#1907 = EDGE_LOOP ( 'NONE', ( #1979, #2121, #309, #153 ) ) ;
#1908 = DIRECTION ( 'NONE',  ( 0.000000000000000000, -0.000000000000000000, -1.000000000000000000 ) ) ;
#1909 = DIRECTION ( 'NONE',  ( 1.000000000000000000, 0.000000000000000000, 0.000000000000000000 ) ) ;
#1910 = DIRECTION ( 'NONE',  ( 0.000000000000000000, 1.000000000000000000, 0.000000000000000000 ) ) ;
#1911 = DATE_AND_TIME ( #1005, #788 ) ;
#1912 = ITEM_DEFINED_TRANSFORMATION ( 'NONE', 'NONE', #13,  #373 ) ;
#1913 = LINE ( 'NONE', #1464, #2763 ) ;
#1914 = CC_DESIGN_DATE_AND_TIME_ASSIGNMENT ( #2699, #303, ( #555 ) ) ;
#1915 = ORGANIZATION ( 'NAUO-ORG34', 'UNSPECIFIED', 'UNSPECIFIED' ) ;
#1916 = ADVANCED_BREP_SHAPE_REPRESENTATION ( '', ( #182, #373 ), #1764 ) ;
#1917 = PERSON_AND_ORGANIZATION_ROLE ( 'design_owner' ) ;
#1918 = CC_DESIGN_PERSON_AND_ORGANIZATION_ASSIGNMENT ( #110, #1237, ( #1871 ) ) ;
#1919 = EDGE_CURVE ( 'NONE', #1777, #839, #886, .T. ) ;
#1920 = ORIENTED_EDGE ( 'NONE', *, *, #2555, .F. ) ;
#1921 = LINE ( 'NONE', #840, #1959 ) ;
#1922 = CALENDAR_DATE ( 2026, 4, 8 ) ;
#1923 = CARTESIAN_POINT ( 'NONE',  ( 0.000000000000000000, 9.515915119363397068, 4.688328912466843690 ) ) ;
#1924 = DATE_AND_TIME ( #395, #2728 ) ;
#1925 = PERSON_AND_ORGANIZATION_ROLE ( 'classification_officer' ) ;
#1926 = CARTESIAN_POINT ( 'NONE',  ( -155.6749031762932418, 23.22237851755419413, -20.01105811084619290 ) ) ;
#1927 = APPROVAL_PERSON_ORGANIZATION ( #2428, #915, #238 ) ;
#1928 = AXIS2_PLACEMENT_3D ( 'NONE', #1625, #800, #419 ) ;
#1929 = DIRECTION ( 'NONE',  ( 0.000000000000000000, 0.000000000000000000, 1.000000000000000000 ) ) ;
#1930 = COORDINATED_UNIVERSAL_TIME_OFFSET ( 5, 0, .BEHIND. ) ;
#1931 =( REPRESENTATION_RELATIONSHIP ('NONE','NONE', #2345, #670 ) REPRESENTATION_RELATIONSHIP_WITH_TRANSFORMATION ( #909 )SHAPE_REPRESENTATION_RELATIONSHIP( ) );
#1932 = LOCAL_TIME ( 5, 5, 52.00000000000000000, #1231 ) ;
#1933 = CC_DESIGN_DATE_AND_TIME_ASSIGNMENT ( #851, #255, ( #1904 ) ) ;
#1934 = EDGE_LOOP ( 'NONE', ( #2364, #1146, #2597, #2453 ) ) ;
#1935 = CC_DESIGN_DATE_AND_TIME_ASSIGNMENT ( #293, #978, ( #2670 ) ) ;
#1936 = COORDINATED_UNIVERSAL_TIME_OFFSET ( 5, 0, .BEHIND. ) ;
#1937 = AXIS2_PLACEMENT_3D ( 'NONE', #1287, #801, #1504 ) ;
#1938 = PRODUCT_DEFINITION_SHAPE ( 'NONE', 'NONE',  #2861 ) ;
#1939 = CARTESIAN_POINT ( 'NONE',  ( 0.000000000000000000, 127.8750176502398830, 22.62992125984275660 ) ) ;
#1940 = COORDINATED_UNIVERSAL_TIME_OFFSET ( 5, 0, .BEHIND. ) ;
#1941 = APPROVAL_ROLE ( '' ) ;
#1942 = DIRECTION ( 'NONE',  ( 0.000000000000000000, 0.000000000000000000, -1.000000000000000000 ) ) ;
#1943 = DIRECTION ( 'NONE',  ( 1.000000000000000000, 0.000000000000000000, 0.000000000000000000 ) ) ;
#1944 = DATE_AND_TIME ( #2198, #1563 ) ;
#1945 = COORDINATED_UNIVERSAL_TIME_OFFSET ( 5, 0, .BEHIND. ) ;
#1946 = ADVANCED_BREP_SHAPE_REPRESENTATION ( '', ( #1139, #373 ), #305 ) ;
#1947 = EDGE_LOOP ( 'NONE', ( #873, #2710, #123, #2214 ) ) ;
#1948 = CC_DESIGN_DATE_AND_TIME_ASSIGNMENT ( #1895, #1718, ( #193 ) ) ;
#1949 = CARTESIAN_POINT ( 'NONE',  ( -9582.174284945485851, 223.0805877970713880, 7.462597148959528859 ) ) ;
#1950 = APPROVAL ( #2830, 'UNKNOWN' ) ;
#1951 = CC_DESIGN_APPROVAL ( #1861, ( #1111 ) ) ;
#1952 = APPROVAL_PERSON_ORGANIZATION ( #1351, #2114, #241 ) ;
#1953 = SHAPE_REPRESENTATION ( 'Part2^Assem1', ( #373 ), #305 ) ;
#1954 = DATE_AND_TIME ( #1173, #1180 ) ;
#1955 = LOCAL_TIME ( 5, 5, 52.00000000000000000, #1288 ) ;
#1956 = DIRECTION ( 'NONE',  ( 1.000000000000000000, 0.000000000000000000, 0.000000000000000000 ) ) ;
#1957 = DATE_AND_TIME ( #2591, #1745 ) ;
#1958 = ADVANCED_FACE ( 'NONE', ( #236 ), #1573, .T. ) ;
#1959 = VECTOR ( 'NONE', #824, 39.37007874015748143 ) ;
#1960 = CARTESIAN_POINT ( 'NONE',  ( -155.6749031762932418, 23.22237851755419413, -25.53011783130363455 ) ) ;
#1961 = DIRECTION ( 'NONE',  ( 1.000000000000000000, 0.000000000000000000, 0.000000000000000000 ) ) ;
#1962 = APPROVAL_STATUS ( 'not_yet_approved' ) ;
#1963 = PRODUCT_DEFINITION_SHAPE ( 'NONE', 'NONE',  #2870 ) ;
#1964 = APPROVAL_STATUS ( 'not_yet_approved' ) ;
#1965 = CARTESIAN_POINT ( 'NONE',  ( 22.03562096402320591, 157.3170876678025536, -2.193696663456278451 ) ) ;
#1966 = ORIENTED_EDGE ( 'NONE', *, *, #407, .T. ) ;
#1967 = LOCAL_TIME ( 5, 5, 52.00000000000000000, #2234 ) ;
#1968 = PERSON_AND_ORGANIZATION_ROLE ( 'classification_officer' ) ;
#1969 = DIRECTION ( 'NONE',  ( 0.000000000000000000, 0.000000000000000000, 1.000000000000000000 ) ) ;
#1970 = APPROVAL_DATE_TIME ( #1093, #459 ) ;
#1971 = PERSON_AND_ORGANIZATION ( #730, #1281 ) ;
#1972 = CARTESIAN_POINT ( 'NONE',  ( 127.0543895766069653, -11.00121272966391750, -17.68094323210939578 ) ) ;
#1973 = CC_DESIGN_APPROVAL ( #1900, ( #2449 ) ) ;
#1974 = CC_DESIGN_PERSON_AND_ORGANIZATION_ASSIGNMENT ( #710, #1130, ( #1125 ) ) ;
#1975 = DIRECTION ( 'NONE',  ( 1.000000000000000000, 0.000000000000000000, 0.000000000000000000 ) ) ;
#1976 = PERSON_AND_ORGANIZATION ( #1258, #858 ) ;
#1977 = COORDINATED_UNIVERSAL_TIME_OFFSET ( 5, 0, .BEHIND. ) ;
#1978 = LOCAL_TIME ( 5, 5, 52.00000000000000000, #2616 ) ;
#1979 = ORIENTED_EDGE ( 'NONE', *, *, #2026, .T. ) ;
#1980 = AXIS2_PLACEMENT_3D ( 'NONE', #2625, #1529, #2420 ) ;
#1981 = CARTESIAN_POINT ( 'NONE',  ( 5.750000000000000000, -1.334457776133509910, -1.247226703741503462 ) ) ;
#1982 = VECTOR ( 'NONE', #1910, 39.37007874015748143 ) ;
#1983 = PERSON_AND_ORGANIZATION_ROLE ( 'classification_officer' ) ;
#1984 = DATE_AND_TIME ( #426, #946 ) ;
#1985 = CARTESIAN_POINT ( 'NONE',  ( 11.50000000000000000, -7.984084880636602932, 3.438328912466843690 ) ) ;
#1986 = CLOSED_SHELL ( 'NONE', ( #2818, #658, #2721, #2691, #2224, #1741, #990 ) ) ;
#1987 = PRODUCT_DEFINITION_SHAPE ( 'NONE', 'NONE',  #2873 ) ;
#1988 =( REPRESENTATION_RELATIONSHIP ('NONE','NONE', #2345, #670 ) REPRESENTATION_RELATIONSHIP_WITH_TRANSFORMATION ( #396 )SHAPE_REPRESENTATION_RELATIONSHIP( ) );
#1989 = APPROVAL ( #103, 'UNSPECIFIED' ) ;
#1990 = DATE_AND_TIME ( #228, #2454 ) ;
#1991 = APPROVAL_ROLE ( '' ) ;
#1992 = DIRECTION ( 'NONE',  ( 0.000000000000000000, 0.000000000000000000, 1.000000000000000000 ) ) ;
#1993 = ORIENTED_EDGE ( 'NONE', *, *, #2026, .F. ) ;
#1994 = EDGE_CURVE ( 'NONE', #1600, #1749, #1132, .T. ) ;
#1995 = DIRECTION ( 'NONE',  ( -1.000000000000000000, -0.000000000000000000, -0.000000000000000000 ) ) ;
#1996 = SECURITY_CLASSIFICATION ( '', '', #2014 ) ;
#1997 = COORDINATED_UNIVERSAL_TIME_OFFSET ( 5, 0, .BEHIND. ) ;
#1998 = APPROVAL_DATE_TIME ( #1334, #2074 ) ;
#1999 = CC_DESIGN_APPROVAL ( #185, ( #831 ) ) ;
#2000 = LINE ( 'NONE', #1795, #683 ) ;
#2001 = DESIGN_CONTEXT ( 'detailed design', #67, 'design' ) ;
#2002 = PERSON_AND_ORGANIZATION_ROLE ( 'design_owner' ) ;
#2003 = CALENDAR_DATE ( 2026, 4, 8 ) ;
#2004 = CARTESIAN_POINT ( 'NONE',  ( 0.000000000000000000, 311.5704116765775211, 22.08864881507637179 ) ) ;
#2005 = ORIENTED_EDGE ( 'NONE', *, *, #1280, .F. ) ;
#2006 = EDGE_CURVE ( 'NONE', #1104, #767, #1331, .T. ) ;
#2007 = APPROVAL_PERSON_ORGANIZATION ( #2100, #2187, #1616 ) ;
#2008 = CARTESIAN_POINT ( 'NONE',  ( -154.2749031762932361, -36.27762148244581653, -25.53011783130363455 ) ) ;
#2009 = CALENDAR_DATE ( 2026, 4, 8 ) ;
#2010 = PERSON_AND_ORGANIZATION_ROLE ( 'classification_officer' ) ;
#2011 = PERSON ( 'NAUO-PER29', 'UNSPECIFIED', 'UNSPECIFIED', ('UNSPECIFIED'), ('UNSPECIFIED'), ('UNSPECIFIED') ) ;
#2012 = DIRECTION ( 'NONE',  ( -0.000000000000000000, -0.000000000000000000, -1.000000000000000000 ) ) ;
#2013 = APPROVAL_ROLE ( '' ) ;
#2014 = SECURITY_CLASSIFICATION_LEVEL ( 'unclassified' ) ;
#2015 = APPLICATION_PROTOCOL_DEFINITION ( 'international standard', 'config_control_design', 1994, #854 ) ;
#2016 = EDGE_LOOP ( 'NONE', ( #2097, #613, #669, #2312 ) ) ;
#2017 = CC_DESIGN_PERSON_AND_ORGANIZATION_ASSIGNMENT ( #559, #1228, ( #1579 ) ) ;
#2018 = ORGANIZATION ( 'NAUO-ORG7', 'UNSPECIFIED', 'UNSPECIFIED' ) ;
#2019 = AXIS2_PLACEMENT_3D ( 'NONE', #1686, #2842, #361 ) ;
#2020 = ORIENTED_EDGE ( 'NONE', *, *, #1368, .F. ) ;
#2021 = LINE ( 'NONE', #1370, #338 ) ;
#2022 = APPROVAL ( #2094, 'UNSPECIFIED' ) ;
#2023 = APPROVAL_PERSON_ORGANIZATION ( #2791, #805, #371 ) ;
#2024 = APPROVAL_DATE_TIME ( #1134, #2815 ) ;
#2025 = PLANE ( 'NONE',  #1751 ) ;
#2026 = EDGE_CURVE ( 'NONE', #1670, #219, #1343, .T. ) ;
#2027 = DATE_AND_TIME ( #720, #698 ) ;
#2028 = AXIS2_PLACEMENT_3D ( 'NONE', #1805, #2676, #2688 ) ;
#2029 = DATE_AND_TIME ( #962, #462 ) ;
#2030 =( CONVERSION_BASED_UNIT ( 'INCH', #2254 ) LENGTH_UNIT ( ) NAMED_UNIT ( #1247 ) );
#2031 = LINE ( 'NONE', #2592, #1843 ) ;
#2032 = ORIENTED_EDGE ( 'NONE', *, *, #1705, .T. ) ;
#2033 = CARTESIAN_POINT ( 'NONE',  ( 16.37999999999999901, -8.550000000000038014, 22.62992125984275660 ) ) ;
#2034 = APPROVAL ( #703, 'UNKNOWN' ) ;
#2035 = DATE_TIME_ROLE ( 'classification_date' ) ;
#2036 = DATE_AND_TIME ( #2634, #1137 ) ;
#2037 =( REPRESENTATION_RELATIONSHIP ('NONE','NONE', #2345, #468 ) REPRESENTATION_RELATIONSHIP_WITH_TRANSFORMATION ( #263 )SHAPE_REPRESENTATION_RELATIONSHIP( ) );
#2038 = DIRECTION ( 'NONE',  ( 1.000000000000000000, 0.000000000000000000, -0.000000000000000000 ) ) ;
#2039 = CC_DESIGN_SECURITY_CLASSIFICATION ( #648, ( #2185 ) ) ;
#2040 = APPROVAL_PERSON_ORGANIZATION ( #1634, #524, #1211 ) ;
#2041 = EDGE_CURVE ( 'NONE', #519, #997, #1801, .T. ) ;
#2042 = APPROVAL_PERSON_ORGANIZATION ( #1568, #2567, #2843 ) ;
#2043 = SHAPE_REPRESENTATION ( 'Part5^Assem1', ( #373 ), #1764 ) ;
#2044 = APPROVAL_ROLE ( '' ) ;
#2045 = LOCAL_TIME ( 5, 5, 52.00000000000000000, #1318 ) ;
#2046 = DATE_TIME_ROLE ( 'classification_date' ) ;
#2047 = DATE_TIME_ROLE ( 'creation_date' ) ;
#2048 = PERSON ( 'NAUO-PER23', 'UNSPECIFIED', 'UNSPECIFIED', ('UNSPECIFIED'), ('UNSPECIFIED'), ('UNSPECIFIED') ) ;
#2049 = PRODUCT_DEFINITION_SHAPE ( 'NONE', 'NONE',  #2858 ) ;
#2050 = ORIENTED_EDGE ( 'NONE', *, *, #1813, .F. ) ;
#2051 =( GEOMETRIC_REPRESENTATION_CONTEXT ( 3 ) GLOBAL_UNCERTAINTY_ASSIGNED_CONTEXT ( ( #1711 ) ) GLOBAL_UNIT_ASSIGNED_CONTEXT ( ( #1664, #1009, #281 ) ) REPRESENTATION_CONTEXT ( 'NONE', 'WORKASPACE' ) );
#2052 = ORIENTED_EDGE ( 'NONE', *, *, #2646, .F. ) ;
#2053 = CARTESIAN_POINT ( 'NONE',  ( -154.2749031762932361, 23.22237851755419413, -25.53011783130363455 ) ) ;
#2054 = ORGANIZATION ( 'NAUO-ORG31', 'UNSPECIFIED', 'UNSPECIFIED' ) ;
#2055 = CALENDAR_DATE ( 2026, 4, 8 ) ;
#2056 = COORDINATED_UNIVERSAL_TIME_OFFSET ( 5, 0, .BEHIND. ) ;
#2057 = DIRECTION ( 'NONE',  ( 1.000000000000000000, 0.000000000000000000, 0.000000000000000000 ) ) ;
#2058 = DATE_AND_TIME ( #2280, #2380 ) ;
#2059 = CC_DESIGN_PERSON_AND_ORGANIZATION_ASSIGNMENT ( #50, #1218, ( #2092 ) ) ;
#2060 = PERSON_AND_ORGANIZATION_ROLE ( 'creator' ) ;
#2061 = APPROVAL ( #910, 'UNSPECIFIED' ) ;
#2062 = CALENDAR_DATE ( 2026, 4, 8 ) ;
#2063 = APPROVAL_ROLE ( '' ) ;
#2064 = APPROVAL_PERSON_ORGANIZATION ( #841, #2202, #599 ) ;
#2065 = EDGE_LOOP ( 'NONE', ( #711, #2020, #61 ) ) ;
#2066 = DIRECTION ( 'NONE',  ( -0.000000000000000000, -0.000000000000000000, -1.000000000000000000 ) ) ;
#2067 = CC_DESIGN_APPROVAL ( #1396, ( #57 ) ) ;
#2068 =( GEOMETRIC_REPRESENTATION_CONTEXT ( 3 ) GLOBAL_UNCERTAINTY_ASSIGNED_CONTEXT ( ( #1097 ) ) GLOBAL_UNIT_ASSIGNED_CONTEXT ( ( #2030, #2668, #1815 ) ) REPRESENTATION_CONTEXT ( 'NONE', 'WORKASPACE' ) );
#2069 = PLANE ( 'NONE',  #403 ) ;
#2070 = LOCAL_TIME ( 5, 5, 52.00000000000000000, #499 ) ;
#2071 = LOCAL_TIME ( 5, 5, 52.00000000000000000, #1467 ) ;
#2072 = CALENDAR_DATE ( 2026, 4, 8 ) ;
#2073 = COORDINATED_UNIVERSAL_TIME_OFFSET ( 5, 0, .BEHIND. ) ;
#2074 = APPROVAL ( #646, 'UNKNOWN' ) ;
#2075 = AXIS2_PLACEMENT_3D ( 'NONE', #1972, #1754, #2635 ) ;
#2076 = COORDINATED_UNIVERSAL_TIME_OFFSET ( 5, 0, .BEHIND. ) ;
#2077 = APPROVAL_STATUS ( 'not_yet_approved' ) ;
#2078 = APPLICATION_CONTEXT ( 'configuration controlled 3d designs of mechanical parts and assemblies' ) ;
#2079 = EDGE_CURVE ( 'NONE', #270, #2751, #1587, .T. ) ;
#2080 = EDGE_LOOP ( 'NONE', ( #796, #870, #1613, #1714 ) ) ;
#2081 = DIRECTION ( 'NONE',  ( -0.000000000000000000, 1.000000000000000000, -0.000000000000000000 ) ) ;
#2082 = DATE_AND_TIME ( #483, #2737 ) ;
#2083 = PERSON_AND_ORGANIZATION_ROLE ( 'classification_officer' ) ;
#2084 = DIRECTION ( 'NONE',  ( 1.000000000000000000, 0.000000000000000000, 0.000000000000000000 ) ) ;
#2085 = PERSON ( 'NAUO-PER30', 'UNSPECIFIED', 'UNSPECIFIED', ('UNSPECIFIED'), ('UNSPECIFIED'), ('UNSPECIFIED') ) ;
#2086 = PRODUCT_DEFINITION_SHAPE ( 'NONE', 'NONE',  #1761 ) ;
#2087 = LINE ( 'NONE', #1619, #2495 ) ;
#2088 = APPROVAL_STATUS ( 'not_yet_approved' ) ;
#2089 = MECHANICAL_CONTEXT ( 'NONE', #2706, 'mechanical' ) ;
#2090 = APPROVAL_PERSON_ORGANIZATION ( #2781, #2832, #1654 ) ;
#2091 = ORGANIZATION ( 'NAUO-ORG22', 'UNSPECIFIED', 'UNSPECIFIED' ) ;
#2092 = PRODUCT_DEFINITION_FORMATION_WITH_SPECIFIED_SOURCE ( 'ANY', '', #666, .NOT_KNOWN. ) ;
#2093 = COORDINATED_UNIVERSAL_TIME_OFFSET ( 5, 0, .BEHIND. ) ;
#2094 = APPROVAL_STATUS ( 'not_yet_approved' ) ;
#2095 = CARTESIAN_POINT ( 'NONE',  ( -9582.174284945485851, 223.0805877970713880, 7.462597148959528859 ) ) ;
#2096 =( GEOMETRIC_REPRESENTATION_CONTEXT ( 3 ) GLOBAL_UNCERTAINTY_ASSIGNED_CONTEXT ( ( #664 ) ) GLOBAL_UNIT_ASSIGNED_CONTEXT ( ( #2128, #1682, #358 ) ) REPRESENTATION_CONTEXT ( 'NONE', 'WORKASPACE' ) );
#2097 = ORIENTED_EDGE ( 'NONE', *, *, #2607, .F. ) ;
#2098 = CARTESIAN_POINT ( 'NONE',  ( 127.0543895766069653, 22.63097066641579858, -17.68094323210939578 ) ) ;
#2099 = EDGE_CURVE ( 'NONE', #928, #1800, #1790, .T. ) ;
#2100 = PERSON_AND_ORGANIZATION ( #2801, #2245 ) ;
#2101 = DIRECTION ( 'NONE',  ( -1.000000000000000000, 0.000000000000000000, -0.000000000000000000 ) ) ;
#2102 = CONTEXT_DEPENDENT_SHAPE_REPRESENTATION ( #534, #1549 ) ;
#2103 = APPROVAL_DATE_TIME ( #1870, #1989 ) ;
#2104 = ORGANIZATION ( 'NAUO-ORG33', 'UNSPECIFIED', 'UNSPECIFIED' ) ;
#2105 = CARTESIAN_POINT ( 'NONE',  ( -9.370628073632953914, 22.63097066641579858, 12.31905676789047277 ) ) ;
#2106 = COORDINATED_UNIVERSAL_TIME_OFFSET ( 5, 0, .BEHIND. ) ;
#2107 = EDGE_LOOP ( 'NONE', ( #1514, #2828, #2514, #2767 ) ) ;
#2108 = LINE ( 'NONE', #298, #1461 ) ;
#2109 = VECTOR ( 'NONE', #2671, 39.37007874015748143 ) ;
#2110 = CC_DESIGN_PERSON_AND_ORGANIZATION_ASSIGNMENT ( #372, #1713, ( #572 ) ) ;
#2111 = APPROVAL_STATUS ( 'not_yet_approved' ) ;
#2112 = APPROVAL_STATUS ( 'not_yet_approved' ) ;
#2113 = DIRECTION ( 'NONE',  ( 1.000000000000000000, 0.000000000000000000, 0.000000000000000000 ) ) ;
#2114 = APPROVAL ( #1154, 'UNSPECIFIED' ) ;
#2115 = DIRECTION ( 'NONE',  ( 0.000000000000000000, 0.000000000000000000, -1.000000000000000000 ) ) ;
#2116 = SECURITY_CLASSIFICATION_LEVEL ( 'unclassified' ) ;
#2117 = LOCAL_TIME ( 5, 5, 52.00000000000000000, #845 ) ;
#2118 = AXIS2_PLACEMENT_3D ( 'NONE', #412, #1033, #1309 ) ;
#2119 = CALENDAR_DATE ( 2026, 4, 8 ) ;
#2120 = ADVANCED_FACE ( 'NONE', ( #685 ), #454, .F. ) ;
#2121 = ORIENTED_EDGE ( 'NONE', *, *, #1495, .F. ) ;
#2122 =( NAMED_UNIT ( * ) SI_UNIT ( $, .STERADIAN. ) SOLID_ANGLE_UNIT ( ) );
#2123 = APPROVAL_DATE_TIME ( #2565, #2022 ) ;
#2124 = VECTOR ( 'NONE', #902, 39.37007874015748143 ) ;
#2125 = PERSON_AND_ORGANIZATION ( #1258, #858 ) ;
#2126 = EDGE_LOOP ( 'NONE', ( #1966, #1381, #549, #2032 ) ) ;
#2127 = VECTOR ( 'NONE', #544, 39.37007874015748143 ) ;
#2128 =( CONVERSION_BASED_UNIT ( 'INCH', #1236 ) LENGTH_UNIT ( ) NAMED_UNIT ( #836 ) );
#2129 = CALENDAR_DATE ( 2026, 4, 8 ) ;
#2130 = APPROVAL_STATUS ( 'not_yet_approved' ) ;
#2131 = DIRECTION ( 'NONE',  ( 1.000000000000000000, 0.000000000000000000, 0.000000000000000000 ) ) ;
#2132 = APPROVAL ( #2789, 'UNKNOWN' ) ;
#2133 = CARTESIAN_POINT ( 'NONE',  ( -9582.174284945485851, 223.0805877970713880, 7.462597148959528859 ) ) ;
#2134 = CALENDAR_DATE ( 2026, 4, 8 ) ;
#2135 = CC_DESIGN_PERSON_AND_ORGANIZATION_ASSIGNMENT ( #745, #1271, ( #1486 ) ) ;
#2136 = ORIENTED_EDGE ( 'NONE', *, *, #919, .T. ) ;
#2137 = EDGE_CURVE ( 'NONE', #246, #1681, #2465, .T. ) ;
#2138 = DIRECTION ( 'NONE',  ( 0.000000000000000000, 0.000000000000000000, 1.000000000000000000 ) ) ;
#2139 = MECHANICAL_CONTEXT ( 'NONE', #375, 'mechanical' ) ;
#2140 =( REPRESENTATION_RELATIONSHIP ('NONE','NONE', #2345, #468 ) REPRESENTATION_RELATIONSHIP_WITH_TRANSFORMATION ( #733 )SHAPE_REPRESENTATION_RELATIONSHIP( ) );
#2141 = CC_DESIGN_SECURITY_CLASSIFICATION ( #1996, ( #2845 ) ) ;
#2142 = LOCAL_TIME ( 5, 5, 52.00000000000000000, #2770 ) ;
#2143 = DATE_AND_TIME ( #1250, #553 ) ;
#2144 = DIMENSIONAL_EXPONENTS ( 1.000000000000000000, 0.000000000000000000, 0.000000000000000000, 0.000000000000000000, 0.000000000000000000, 0.000000000000000000, 0.000000000000000000 ) ;
#2145 = ORIENTED_EDGE ( 'NONE', *, *, #1225, .T. ) ;
#2146 = DATE_TIME_ROLE ( 'classification_date' ) ;
#2147 = CARTESIAN_POINT ( 'NONE',  ( -9.370628073632953914, -11.00121272966391750, -17.68094323210939578 ) ) ;
#2148 = CALENDAR_DATE ( 2026, 4, 8 ) ;
#2149 = COORDINATED_UNIVERSAL_TIME_OFFSET ( 5, 0, .BEHIND. ) ;
#2150 = LINE ( 'NONE', #2178, #220 ) ;
#2151 = CC_DESIGN_PERSON_AND_ORGANIZATION_ASSIGNMENT ( #1760, #2462, ( #457 ) ) ;
#2152 = APPROVAL_PERSON_ORGANIZATION ( #583, #707, #2769 ) ;
#2153 = DIRECTION ( 'NONE',  ( 1.000000000000000000, 0.000000000000000000, 0.000000000000000000 ) ) ;
#2154 = APPLICATION_PROTOCOL_DEFINITION ( 'international standard', 'config_control_design', 1994, #2675 ) ;
#2155 = CC_DESIGN_PERSON_AND_ORGANIZATION_ASSIGNMENT ( #1264, #2594, ( #1333 ) ) ;
#2156 = SECURITY_CLASSIFICATION_LEVEL ( 'unclassified' ) ;
#2157 = ORIENTED_EDGE ( 'NONE', *, *, #56, .T. ) ;
#2158 = DATE_AND_TIME ( #1733, #1016 ) ;
#2159 = VECTOR ( 'NONE', #1395, 39.37007874015748143 ) ;
#2160 = CARTESIAN_POINT ( 'NONE',  ( 11.50000000000000000, 9.515915119363397068, 4.688328912466843690 ) ) ;
#2161 = PERSON_AND_ORGANIZATION_ROLE ( 'classification_officer' ) ;
#2162 = CALENDAR_DATE ( 2026, 4, 8 ) ;
#2163 = LINE ( 'NONE', #1985, #591 ) ;
#2164 = LOCAL_TIME ( 5, 5, 52.00000000000000000, #2149 ) ;
#2165 = AXIS2_PLACEMENT_3D ( 'NONE', #112, #1992, #2574 ) ;
#2166 = CALENDAR_DATE ( 2026, 4, 8 ) ;
#2167 = CC_DESIGN_DATE_AND_TIME_ASSIGNMENT ( #985, #1850, ( #1332 ) ) ;
#2168 = APPROVAL_PERSON_ORGANIZATION ( #1888, #2022, #778 ) ;
#2169 = PERSON_AND_ORGANIZATION_ROLE ( 'classification_officer' ) ;
#2170 = ORIENTED_EDGE ( 'NONE', *, *, #2761, .F. ) ;
#2171 = EDGE_CURVE ( 'NONE', #1640, #1499, #2204, .T. ) ;
#2172 = COORDINATED_UNIVERSAL_TIME_OFFSET ( 5, 0, .BEHIND. ) ;
#2173 = DATE_AND_TIME ( #154, #2645 ) ;
#2174 = VECTOR ( 'NONE', #2614, 39.37007874015748143 ) ;
#2175 = DIRECTION ( 'NONE',  ( -1.000000000000000000, -0.000000000000000000, -0.000000000000000000 ) ) ;
#2176 = COORDINATED_UNIVERSAL_TIME_OFFSET ( 5, 0, .BEHIND. ) ;
#2177 = APPROVAL_ROLE ( '' ) ;
#2178 = CARTESIAN_POINT ( 'NONE',  ( 16.37999999999999901, -8.550000000000038014, 22.62992125984275660 ) ) ;
#2179 = UNCERTAINTY_MEASURE_WITH_UNIT (LENGTH_MEASURE( 1.000000000000000082E-05 ), #384, 'distance_accuracy_value', 'NONE');
#2180 = DIRECTION ( 'NONE',  ( 0.000000000000000000, 0.000000000000000000, 1.000000000000000000 ) ) ;
#2181 = COORDINATED_UNIVERSAL_TIME_OFFSET ( 5, 0, .BEHIND. ) ;
#2182 = PRODUCT ( 'Copy of Part7^Assem1', 'Copy of Part7^Assem1', '', ( #2523 ) ) ;
#2183 = COORDINATED_UNIVERSAL_TIME_OFFSET ( 5, 0, .BEHIND. ) ;
#2184 = VERTEX_POINT ( 'NONE', #1316 ) ;
#2185 = PRODUCT_DEFINITION_FORMATION_WITH_SPECIFIED_SOURCE ( 'ANY', '', #1527, .NOT_KNOWN. ) ;
#2186 = COORDINATED_UNIVERSAL_TIME_OFFSET ( 5, 0, .BEHIND. ) ;
#2187 = APPROVAL ( #1149, 'UNKNOWN' ) ;
#2188 = APPROVAL_PERSON_ORGANIZATION ( #920, #1152, #1811 ) ;
#2189 = COORDINATED_UNIVERSAL_TIME_OFFSET ( 5, 0, .BEHIND. ) ;
#2190 = CC_DESIGN_APPROVAL ( #582, ( #835 ) ) ;
#2191 = CARTESIAN_POINT ( 'NONE',  ( 5.750000000000000000, 14.16554222386649009, -1.247226703741503462 ) ) ;
#2192 = EDGE_CURVE ( 'NONE', #519, #390, #2021, .T. ) ;
#2193 = CONTEXT_DEPENDENT_SHAPE_REPRESENTATION ( #500, #1987 ) ;
#2194 = DATE_TIME_ROLE ( 'classification_date' ) ;
#2195 = DIRECTION ( 'NONE',  ( 1.000000000000000000, 0.000000000000000000, -0.000000000000000000 ) ) ;
#2196 =( REPRESENTATION_RELATIONSHIP ('NONE','NONE', #2345, #670 ) REPRESENTATION_RELATIONSHIP_WITH_TRANSFORMATION ( #1912 )SHAPE_REPRESENTATION_RELATIONSHIP( ) );
#2197 = CARTESIAN_POINT ( 'NONE',  ( 39.37007874015777986, 133.4319766984855562, -2.175696663456278657 ) ) ;
#2198 = CALENDAR_DATE ( 2026, 4, 8 ) ;
#2199 = COORDINATED_UNIVERSAL_TIME_OFFSET ( 5, 0, .BEHIND. ) ;
#2200 = DIRECTION ( 'NONE',  ( 0.000000000000000000, 0.000000000000000000, 1.000000000000000000 ) ) ;
#2201 = ORIENTED_EDGE ( 'NONE', *, *, #1440, .T. ) ;
#2202 = APPROVAL ( #1659, 'UNKNOWN' ) ;
#2203 = PRODUCT ( 'Part2^Assem1', 'Part2^Assem1', '', ( #2223 ) ) ;
#2204 = LINE ( 'NONE', #482, #2553 ) ;
#2205 = CC_DESIGN_PERSON_AND_ORGANIZATION_ASSIGNMENT ( #88, #948, ( #666 ) ) ;
#2206 = DATE_AND_TIME ( #672, #2045 ) ;
#2207 = COORDINATED_UNIVERSAL_TIME_OFFSET ( 5, 0, .BEHIND. ) ;
#2208 = DIRECTION ( 'NONE',  ( -1.000000000000000000, 0.000000000000000000, -0.000000000000000000 ) ) ;
#2209 = SECURITY_CLASSIFICATION ( '', '', #313 ) ;
#2210 = SECURITY_CLASSIFICATION_LEVEL ( 'unclassified' ) ;
#2211 = APPROVAL_PERSON_ORGANIZATION ( #2648, #2034, #1803 ) ;
#2212 = COORDINATED_UNIVERSAL_TIME_OFFSET ( 5, 0, .BEHIND. ) ;
#2213 = APPROVAL_PERSON_ORGANIZATION ( #2785, #1314, #2800 ) ;
#2214 = ORIENTED_EDGE ( 'NONE', *, *, #2006, .T. ) ;
#2215 = SECURITY_CLASSIFICATION ( '', '', #1696 ) ;
#2216 = ORIENTED_EDGE ( 'NONE', *, *, #137, .T. ) ;
#2217 = CARTESIAN_POINT ( 'NONE',  ( -9584.174284945485851, 192.0742743789555220, 14.24024829653508384 ) ) ;
#2218 = AXIS2_PLACEMENT_3D ( 'NONE', #771, #2303, #349 ) ;
#2219 = PERSON_AND_ORGANIZATION ( #2085, #751 ) ;
#2220 = COORDINATED_UNIVERSAL_TIME_OFFSET ( 5, 0, .BEHIND. ) ;
#2221 = DIRECTION ( 'NONE',  ( -0.000000000000000000, -1.000000000000000000, -0.000000000000000000 ) ) ;
#2222 = APPROVAL ( #743, 'UNKNOWN' ) ;
#2223 = MECHANICAL_CONTEXT ( 'NONE', #1828, 'mechanical' ) ;
#2224 = ADVANCED_FACE ( 'NONE', ( #1550 ), #2440, .T. ) ;
#2225 = PRODUCT_DEFINITION_SHAPE ( 'NONE', 'NONE',  #2845 ) ;
#2226 = PERSON_AND_ORGANIZATION_ROLE ( 'creator' ) ;
#2227 = PERSON_AND_ORGANIZATION_ROLE ( 'design_supplier' ) ;
#2228 = ORIENTED_EDGE ( 'NONE', *, *, #692, .T. ) ;
#2229 = APPROVAL_PERSON_ORGANIZATION ( #1102, #75, #1991 ) ;
#2230 = APPLICATION_CONTEXT ( 'configuration controlled 3d designs of mechanical parts and assemblies' ) ;
#2231 = CARTESIAN_POINT ( 'NONE',  ( 11.50000000000000000, 9.515915119363397068, 4.688328912466843690 ) ) ;
#2232 = CC_DESIGN_APPROVAL ( #1348, ( #1486 ) ) ;
#2233 = CC_DESIGN_APPROVAL ( #1198, ( #1758 ) ) ;
#2234 = COORDINATED_UNIVERSAL_TIME_OFFSET ( 5, 0, .BEHIND. ) ;
#2235 = ITEM_DEFINED_TRANSFORMATION ( 'NONE', 'NONE', #1648,  #373 ) ;
#2236 = APPROVAL_DATE_TIME ( #659, #1182 ) ;
#2237 = CARTESIAN_POINT ( 'NONE',  ( -9584.174284945485851, 192.0742743789555220, 7.462597148959528859 ) ) ;
#2238 = PERSON_AND_ORGANIZATION ( #1258, #858 ) ;
#2239 = CC_DESIGN_PERSON_AND_ORGANIZATION_ASSIGNMENT ( #923, #490, ( #1254 ) ) ;
#2240 = DATE_AND_TIME ( #723, #1110 ) ;
#2241 = CC_DESIGN_DATE_AND_TIME_ASSIGNMENT ( #993, #546, ( #813 ) ) ;
#2242 = CALENDAR_DATE ( 2026, 4, 8 ) ;
#2243 = VERTEX_POINT ( 'NONE', #2231 ) ;
#2244 = ADVANCED_FACE ( 'NONE', ( #929 ), #1820, .F. ) ;
#2245 = ORGANIZATION ( 'NAUO-ORG32', 'UNSPECIFIED', 'UNSPECIFIED' ) ;
#2246 = DIRECTION ( 'NONE',  ( 0.000000000000000000, 1.000000000000000000, 0.000000000000000000 ) ) ;
#2247 = DATE_AND_TIME ( #588, #1444 ) ;
#2248 = APPROVAL_DATE_TIME ( #205, #915 ) ;
#2249 = LINE ( 'NONE', #932, #1240 ) ;
#2250 = COORDINATED_UNIVERSAL_TIME_OFFSET ( 5, 0, .BEHIND. ) ;
#2251 = VECTOR ( 'NONE', #550, 39.37007874015748143 ) ;
#2252 = ITEM_DEFINED_TRANSFORMATION ( 'NONE', 'NONE', #905,  #373 ) ;
#2253 = CC_DESIGN_PERSON_AND_ORGANIZATION_ASSIGNMENT ( #1383, #731, ( #1332 ) ) ;
#2254 = LENGTH_MEASURE_WITH_UNIT ( LENGTH_MEASURE( 0.02539999999999999897 ), #2500 );
#2255 = EDGE_LOOP ( 'NONE', ( #184, #1105, #1170, #578 ) ) ;
#2256 = PERSON ( 'NAUO-PER17', 'UNSPECIFIED', 'UNSPECIFIED', ('UNSPECIFIED'), ('UNSPECIFIED'), ('UNSPECIFIED') ) ;
#2257 = CC_DESIGN_SECURITY_CLASSIFICATION ( #1037, ( #2855 ) ) ;
#2258 = LOCAL_TIME ( 5, 5, 52.00000000000000000, #267 ) ;
#2259 = CARTESIAN_POINT ( 'NONE',  ( 153.4493719263671778, -37.39619507942415311, -3.422440268760200244 ) ) ;
#2260 = PRODUCT_DEFINITION_SHAPE ( 'NONE', 'NONE',  #2877 ) ;
#2261 = EDGE_CURVE ( 'NONE', #1530, #2479, #1090, .T. ) ;
#2262 = SECURITY_CLASSIFICATION_LEVEL ( 'unclassified' ) ;
#2263 = CONTEXT_DEPENDENT_SHAPE_REPRESENTATION ( #444, #1176 ) ;
#2264 = FACE_OUTER_BOUND ( 'NONE', #1007, .T. ) ;
#2265 = AXIS2_PLACEMENT_3D ( 'NONE', #1431, #1660, #2291 ) ;
#2266 = CALENDAR_DATE ( 2026, 4, 8 ) ;
#2267 = VECTOR ( 'NONE', #132, 39.37007874015748143 ) ;
#2268 = PERSON_AND_ORGANIZATION ( #102, #739 ) ;
#2269 = PERSON_AND_ORGANIZATION ( #1258, #858 ) ;
#2270 = EDGE_LOOP ( 'NONE', ( #1188, #2346, #2436, #2564 ) ) ;
#2271 = ORIENTED_EDGE ( 'NONE', *, *, #350, .F. ) ;
#2272 = CARTESIAN_POINT ( 'NONE',  ( -9.370628073632953914, 0.000000000000000000, 0.000000000000000000 ) ) ;
#2273 = CC_DESIGN_DATE_AND_TIME_ASSIGNMENT ( #405, #2418, ( #1723 ) ) ;
#2274 = DATE_TIME_ROLE ( 'classification_date' ) ;
#2275 = PRODUCT ( 'Copy of Part3^Assem1', 'Copy of Part3^Assem1', '', ( #891 ) ) ;
#2276 = CC_DESIGN_PERSON_AND_ORGANIZATION_ASSIGNMENT ( #2310, #1917, ( #410 ) ) ;
#2277 = DIRECTION ( 'NONE',  ( 0.000000000000000000, -8.741913579725642299E-16, 1.000000000000000000 ) ) ;
#2278 = LOCAL_TIME ( 5, 5, 52.00000000000000000, #1977 ) ;
#2279 = APPROVAL_PERSON_ORGANIZATION ( #1055, #1950, #169 ) ;
#2280 = CALENDAR_DATE ( 2026, 4, 8 ) ;
#2281 = SECURITY_CLASSIFICATION_LEVEL ( 'unclassified' ) ;
#2282 = COORDINATED_UNIVERSAL_TIME_OFFSET ( 5, 0, .BEHIND. ) ;
#2283 = MECHANICAL_CONTEXT ( 'NONE', #1862, 'mechanical' ) ;
#2284 = AXIS2_PLACEMENT_3D ( 'NONE', #167, #1012, #2612 ) ;
#2285 = ORIENTED_EDGE ( 'NONE', *, *, #2444, .T. ) ;
#2286 = CARTESIAN_POINT ( 'NONE',  ( 0.000000000000000000, 0.000000000000000000, 0.000000000000000000 ) ) ;
#2287 = APPROVAL_PERSON_ORGANIZATION ( #2219, #459, #1564 ) ;
#2288 = DATE_AND_TIME ( #1658, #979 ) ;
#2289 = CARTESIAN_POINT ( 'NONE',  ( 35.03609927962803994, 52.97695703974681436, 0.6407477203354221551 ) ) ;
#2290 = CC_DESIGN_DATE_AND_TIME_ASSIGNMENT ( #330, #616, ( #2209 ) ) ;
#2291 = DIRECTION ( 'NONE',  ( 0.000000000000000000, -0.000000000000000000, -1.000000000000000000 ) ) ;
#2292 = COORDINATED_UNIVERSAL_TIME_OFFSET ( 5, 0, .BEHIND. ) ;
#2293 = PERSON ( 'NAUO-PER21', 'UNSPECIFIED', 'UNSPECIFIED', ('UNSPECIFIED'), ('UNSPECIFIED'), ('UNSPECIFIED') ) ;
#2294 = SHAPE_DEFINITION_REPRESENTATION ( #1384, #1953 ) ;
#2295 = PRODUCT_DEFINITION_SHAPE ( 'NONE', 'NONE',  #2848 ) ;
#2296 = APPROVAL_DATE_TIME ( #323, #1455 ) ;
#2297 = VERTEX_POINT ( 'NONE', #1778 ) ;
#2298 = CARTESIAN_POINT ( 'NONE',  ( -155.6749031762932418, 0.000000000000000000, 0.000000000000000000 ) ) ;
#2299 = APPROVAL_PERSON_ORGANIZATION ( #1971, #1900, #2177 ) ;
#2300 = AXIS2_PLACEMENT_3D ( 'NONE', #331, #2652, #348 ) ;
#2301 = CONTEXT_DEPENDENT_SHAPE_REPRESENTATION ( #1728, #1265 ) ;
#2302 = DATE_AND_TIME ( #1401, #715 ) ;
#2303 = DIRECTION ( 'NONE',  ( 1.000000000000000000, -0.000000000000000000, 0.000000000000000000 ) ) ;
#2304 = CC_DESIGN_SECURITY_CLASSIFICATION ( #2670, ( #2531 ) ) ;
#2305 = DIMENSIONAL_EXPONENTS ( 1.000000000000000000, 0.000000000000000000, 0.000000000000000000, 0.000000000000000000, 0.000000000000000000, 0.000000000000000000, 0.000000000000000000 ) ;
#2306 = APPLICATION_PROTOCOL_DEFINITION ( 'international standard', 'config_control_design', 1994, #2706 ) ;
#2307 = CC_DESIGN_DATE_AND_TIME_ASSIGNMENT ( #2468, #33, ( #1591 ) ) ;
#2309 = VECTOR ( 'NONE', #744, 39.37007874015748143 ) ;
#2308 =( NAMED_UNIT ( * ) SI_UNIT ( $, .STERADIAN. ) SOLID_ANGLE_UNIT ( ) );
#2310 = PERSON_AND_ORGANIZATION ( #1258, #858 ) ;
#2311 = ADVANCED_FACE ( 'NONE', ( #2455 ), #2656, .F. ) ;
#2312 = ORIENTED_EDGE ( 'NONE', *, *, #40, .F. ) ;
#2313 = PLANE ( 'NONE',  #1642 ) ;
#2314 = APPROVAL_ROLE ( '' ) ;
#2315 = PERSON_AND_ORGANIZATION_ROLE ( 'classification_officer' ) ;
#2316 = DIRECTION ( 'NONE',  ( 1.000000000000000000, 0.000000000000000000, 0.000000000000000000 ) ) ;
#2317 = LINE ( 'NONE', #2334, #20 ) ;
#2318 = PERSON_AND_ORGANIZATION_ROLE ( 'classification_officer' ) ;
#2319 = PERSON_AND_ORGANIZATION ( #1258, #858 ) ;
#2320 = CC_DESIGN_SECURITY_CLASSIFICATION ( #693, ( #2847 ) ) ;
#2321 = DIRECTION ( 'NONE',  ( 1.000000000000000000, 0.000000000000000000, 0.000000000000000000 ) ) ;
#2322 = APPROVAL_PERSON_ORGANIZATION ( #603, #793, #2562 ) ;
#2323 = LOCAL_TIME ( 5, 5, 52.00000000000000000, #1406 ) ;
#2324 = APPROVAL_ROLE ( '' ) ;
#2325 = ORGANIZATION ( 'NAUO-ORG26', 'UNSPECIFIED', 'UNSPECIFIED' ) ;
#2326 = CC_DESIGN_PERSON_AND_ORGANIZATION_ASSIGNMENT ( #448, #2226, ( #2422 ) ) ;
#2327 = CC_DESIGN_DATE_AND_TIME_ASSIGNMENT ( #1827, #2678, ( #2215 ) ) ;
#2328 = COORDINATED_UNIVERSAL_TIME_OFFSET ( 5, 0, .BEHIND. ) ;
#2329 = ORIENTED_EDGE ( 'NONE', *, *, #152, .F. ) ;
#2330 = DIRECTION ( 'NONE',  ( -1.000000000000000000, 0.000000000000000000, 0.000000000000000000 ) ) ;
#2331 = EDGE_CURVE ( 'NONE', #244, #1342, #1614, .T. ) ;
#2332 = CALENDAR_DATE ( 2026, 4, 8 ) ;
#2333 = CARTESIAN_POINT ( 'NONE',  ( 21.77508126733973626, 152.0928721591088788, 0.6407477203352397455 ) ) ;
#2334 = CARTESIAN_POINT ( 'NONE',  ( 5.750000000000000000, -1.334457776133509910, -1.247226703741503462 ) ) ;
#2335 = APPROVAL_DATE_TIME ( #37, #2437 ) ;
#2336 = PERSON_AND_ORGANIZATION_ROLE ( 'creator' ) ;
#2337 = LOCAL_TIME ( 5, 5, 52.00000000000000000, #2172 ) ;
#2338 = DIRECTION ( 'NONE',  ( -1.000000000000000000, 0.000000000000000000, 0.000000000000000000 ) ) ;
#2339 =( NAMED_UNIT ( * ) PLANE_ANGLE_UNIT ( ) SI_UNIT ( $, .RADIAN. ) );
#2340 = DATE_AND_TIME ( #1010, #296 ) ;
#2341 =( REPRESENTATION_RELATIONSHIP ('NONE','NONE', #2345, #468 ) REPRESENTATION_RELATIONSHIP_WITH_TRANSFORMATION ( #511 )SHAPE_REPRESENTATION_RELATIONSHIP( ) );
#2342 = CC_DESIGN_PERSON_AND_ORGANIZATION_ASSIGNMENT ( #1196, #1925, ( #57 ) ) ;
#2343 = APPROVAL_STATUS ( 'not_yet_approved' ) ;
#2344 = DIMENSIONAL_EXPONENTS ( 1.000000000000000000, 0.000000000000000000, 0.000000000000000000, 0.000000000000000000, 0.000000000000000000, 0.000000000000000000, 0.000000000000000000 ) ;
#2345 = SHAPE_REPRESENTATION ( 'Assem1', ( #109, #45, #1560, #58, #158, #905, #995, #13, #947, #2118, #1648, #1836, #1374, #632, #1789, #533, #1418, #1606, #722, #2165, #1138, #1928, #811, #1233, #394, #579, #1039, #2019, #2528, #1980, #764, #1515, #2300, #1283, #1694, #2620, #2404 ), #2068 ) ;
#2346 = ORIENTED_EDGE ( 'NONE', *, *, #191, .F. ) ;
#2347 = CC_DESIGN_APPROVAL ( #791, ( #942 ) ) ;
#2348 = CARTESIAN_POINT ( 'NONE',  ( 5.750000000000000000, -1.334457776133509910, 6.252773296258497204 ) ) ;
#2349 = AXIS2_PLACEMENT_3D ( 'NONE', #2008, #95, #968 ) ;
#2350 = SECURITY_CLASSIFICATION_LEVEL ( 'unclassified' ) ;
#2351 = DIRECTION ( 'NONE',  ( -3.491481338843133355E-15, 1.000000000000000000, 0.000000000000000000 ) ) ;
#2352 = CARTESIAN_POINT ( 'NONE',  ( 0.000000000000000000, 14.16554222386649009, -1.247226703741503462 ) ) ;
#2353 = EDGE_CURVE ( 'NONE', #928, #492, #1084, .T. ) ;
#2354 = APPROVAL_PERSON_ORGANIZATION ( #1557, #2572, #894 ) ;
#2355 = APPROVAL_DATE_TIME ( #1911, #582 ) ;
#2356 = ORGANIZATION ( 'NAUO-ORG9', 'UNSPECIFIED', 'UNSPECIFIED' ) ;
#2357 = APPROVAL_PERSON_ORGANIZATION ( #504, #1074, #1814 ) ;
#2358 = APPROVAL_DATE_TIME ( #528, #1335 ) ;
#2359 = ORIENTED_EDGE ( 'NONE', *, *, #1516, .F. ) ;
#2360 = DIRECTION ( 'NONE',  ( 0.000000000000000000, 0.000000000000000000, 1.000000000000000000 ) ) ;
#2361 = CALENDAR_DATE ( 2026, 4, 8 ) ;
#2362 = VECTOR ( 'NONE', #1480, 39.37007874015748143 ) ;
#2363 = PERSON_AND_ORGANIZATION_ROLE ( 'design_owner' ) ;
#2364 = ORIENTED_EDGE ( 'NONE', *, *, #712, .T. ) ;
#2365 = CLOSED_SHELL ( 'NONE', ( #1794, #1041, #1386, #1779, #2408, #547 ) ) ;
#2366 = DIRECTION ( 'NONE',  ( 0.000000000000000000, 0.000000000000000000, -1.000000000000000000 ) ) ;
#2367 = COORDINATED_UNIVERSAL_TIME_OFFSET ( 5, 0, .BEHIND. ) ;
#2368 = DIRECTION ( 'NONE',  ( 1.000000000000000000, 0.000000000000000000, 0.000000000000000000 ) ) ;
#2369 =( GEOMETRIC_REPRESENTATION_CONTEXT ( 3 ) GLOBAL_UNCERTAINTY_ASSIGNED_CONTEXT ( ( #2179 ) ) GLOBAL_UNIT_ASSIGNED_CONTEXT ( ( #384, #593, #2839 ) ) REPRESENTATION_CONTEXT ( 'NONE', 'WORKASPACE' ) );
#2370 = CARTESIAN_POINT ( 'NONE',  ( -9.370628073632953914, 22.63097066641579858, 12.31905676789047277 ) ) ;
#2371 = CC_DESIGN_PERSON_AND_ORGANIZATION_ASSIGNMENT ( #807, #1890, ( #2185 ) ) ;
#2372 = CONTEXT_DEPENDENT_SHAPE_REPRESENTATION ( #2439, #1756 ) ;
#2373 = CC_DESIGN_PERSON_AND_ORGANIZATION_ASSIGNMENT ( #1727, #1067, ( #1367 ) ) ;
#2374 = COORDINATED_UNIVERSAL_TIME_OFFSET ( 5, 0, .BEHIND. ) ;
#2375 = CARTESIAN_POINT ( 'NONE',  ( 5.750000000000000000, 14.16554222386649009, -1.247226703741503462 ) ) ;
#2376 = CARTESIAN_POINT ( 'NONE',  ( 39.37007874015777986, 9.431976698485552646, -2.175696663456278657 ) ) ;
#2377 = CC_DESIGN_APPROVAL ( #774, ( #1904 ) ) ;
#2378 = APPROVAL_STATUS ( 'not_yet_approved' ) ;
#2379 = APPLICATION_CONTEXT ( 'configuration controlled 3d designs of mechanical parts and assemblies' ) ;
#2380 = LOCAL_TIME ( 5, 5, 52.00000000000000000, #1841 ) ;
#2381 = APPROVAL_PERSON_ORGANIZATION ( #2268, #896, #2679 ) ;
#2382 = CC_DESIGN_APPROVAL ( #2437, ( #555 ) ) ;
#2383 = PERSON_AND_ORGANIZATION ( #1258, #858 ) ;
#2384 = ORIENTED_EDGE ( 'NONE', *, *, #674, .T. ) ;
#2385 = CONTEXT_DEPENDENT_SHAPE_REPRESENTATION ( #1243, #2712 ) ;
#2386 = LINE ( 'NONE', #645, #163 ) ;
#2387 = APPROVAL_DATE_TIME ( #2805, #793 ) ;
#2388 = CC_DESIGN_DATE_AND_TIME_ASSIGNMENT ( #380, #803, ( #57 ) ) ;
#2389 = DATE_AND_TIME ( #364, #442 ) ;
#2390 = LINE ( 'NONE', #847, #2628 ) ;
#2391 = PRODUCT_DEFINITION_SHAPE ( 'NONE', 'NONE',  #2863 ) ;
#2392 = CC_DESIGN_SECURITY_CLASSIFICATION ( #378, ( #2877 ) ) ;
#2393 = CALENDAR_DATE ( 2026, 4, 8 ) ;
#2394 = APPROVAL_STATUS ( 'not_yet_approved' ) ;
#2395 = ORIENTED_EDGE ( 'NONE', *, *, #674, .F. ) ;
#2396 = DIRECTION ( 'NONE',  ( 0.000000000000000000, 0.000000000000000000, -1.000000000000000000 ) ) ;
#2397 = DATE_TIME_ROLE ( 'classification_date' ) ;
#2398 = COORDINATED_UNIVERSAL_TIME_OFFSET ( 5, 0, .BEHIND. ) ;
#2399 = CARTESIAN_POINT ( 'NONE',  ( 0.000000000000000000, 9.515915119363397068, 3.438328912466843690 ) ) ;
#2400 = PERSON_AND_ORGANIZATION_ROLE ( 'classification_officer' ) ;
#2401 = CONTEXT_DEPENDENT_SHAPE_REPRESENTATION ( #2196, #1078 ) ;
#2402 = PLANE ( 'NONE',  #2456 ) ;
#2403 = CC_DESIGN_APPROVAL ( #402, ( #2707 ) ) ;
#2404 = AXIS2_PLACEMENT_3D ( 'NONE', #2004, #1571, #256 ) ;
#2405 = DIRECTION ( 'NONE',  ( 0.000000000000000000, 0.000000000000000000, 1.000000000000000000 ) ) ;
#2406 = PERSON_AND_ORGANIZATION_ROLE ( 'creator' ) ;
#2407 = DATE_AND_TIME ( #2003, #2822 ) ;
#2408 = ADVANCED_FACE ( 'NONE', ( #1877 ), #2750, .F. ) ;
#2409 = ORIENTED_EDGE ( 'NONE', *, *, #1008, .T. ) ;
#2410 = AXIS2_PLACEMENT_3D ( 'NONE', #1004, #2714, #48 ) ;
#2411 = CALENDAR_DATE ( 2026, 4, 8 ) ;
#2412 = DIRECTION ( 'NONE',  ( 0.000000000000000000, 1.000000000000000000, 0.000000000000000000 ) ) ;
#2413 = SECURITY_CLASSIFICATION_LEVEL ( 'unclassified' ) ;
#2414 = DATE_AND_TIME ( #1031, #2164 ) ;
#2415 = LINE ( 'NONE', #2375, #1703 ) ;
#2416 = DIRECTION ( 'NONE',  ( 0.000000000000000000, 0.000000000000000000, 1.000000000000000000 ) ) ;
#2417 = PERSON_AND_ORGANIZATION_ROLE ( 'creator' ) ;
#2418 = DATE_TIME_ROLE ( 'creation_date' ) ;
#2419 = CC_DESIGN_PERSON_AND_ORGANIZATION_ASSIGNMENT ( #504, #41, ( #693 ) ) ;
#2420 = DIRECTION ( 'NONE',  ( 0.000000000000000000, 1.000000000000000000, 0.000000000000000000 ) ) ;
#2421 = EDGE_LOOP ( 'NONE', ( #166, #1765, #44, #1484 ) ) ;
#2422 = PRODUCT_DEFINITION_FORMATION_WITH_SPECIFIED_SOURCE ( 'ANY', '', #457, .NOT_KNOWN. ) ;
#2423 = ORGANIZATION ( 'NAUO-ORG23', 'UNSPECIFIED', 'UNSPECIFIED' ) ;
#2424 = COORDINATED_UNIVERSAL_TIME_OFFSET ( 5, 0, .BEHIND. ) ;
#2425 = FACE_OUTER_BOUND ( 'NONE', #2255, .T. ) ;
#2426 = EDGE_CURVE ( 'NONE', #1530, #2297, #2108, .T. ) ;
#2427 = PERSON_AND_ORGANIZATION ( #1108, #1489 ) ;
#2428 = PERSON_AND_ORGANIZATION ( #1388, #2356 ) ;
#2429 = FACE_OUTER_BOUND ( 'NONE', #1087, .T. ) ;
#2430 = APPLICATION_CONTEXT ( 'configuration controlled 3d designs of mechanical parts and assemblies' ) ;
#2431 = APPROVAL_STATUS ( 'not_yet_approved' ) ;
#2432 = LOCAL_TIME ( 5, 5, 52.00000000000000000, #1630 ) ;
#2433 = PRODUCT_DEFINITION_SHAPE ( 'NONE', 'NONE',  #2862 ) ;
#2434 = PERSON_AND_ORGANIZATION_ROLE ( 'design_supplier' ) ;
#2435 = DIRECTION ( 'NONE',  ( 0.000000000000000000, 0.000000000000000000, 1.000000000000000000 ) ) ;
#2436 = ORIENTED_EDGE ( 'NONE', *, *, #171, .F. ) ;
#2437 = APPROVAL ( #2088, 'UNKNOWN' ) ;
#2438 = PERSON ( 'NAUO-PER7', 'UNSPECIFIED', 'UNSPECIFIED', ('UNSPECIFIED'), ('UNSPECIFIED'), ('UNSPECIFIED') ) ;
#2439 =( REPRESENTATION_RELATIONSHIP ('NONE','NONE', #2345, #670 ) REPRESENTATION_RELATIONSHIP_WITH_TRANSFORMATION ( #1899 )SHAPE_REPRESENTATION_RELATIONSHIP( ) );
#2440 = CYLINDRICAL_SURFACE ( 'NONE', #1878, 29.99999999999986855 ) ;
#2441 = APPROVAL ( #716, 'UNKNOWN' ) ;
#2442 = SECURITY_CLASSIFICATION_LEVEL ( 'unclassified' ) ;
#2443 = APPROVAL_STATUS ( 'not_yet_approved' ) ;
#2444 = EDGE_CURVE ( 'NONE', #740, #1800, #150, .T. ) ;
#2445 = PLANE ( 'NONE',  #2028 ) ;
#2446 = CC_DESIGN_SECURITY_CLASSIFICATION ( #1598, ( #2860 ) ) ;
#2447 = DATE_AND_TIME ( #1554, #2686 ) ;
#2448 = ORGANIZATION ( 'NAUO-ORG12', 'UNSPECIFIED', 'UNSPECIFIED' ) ;
#2449 = SECURITY_CLASSIFICATION ( '', '', #2499 ) ;
#2450 = MECHANICAL_CONTEXT ( 'NONE', #939, 'mechanical' ) ;
#2451 = SECURITY_CLASSIFICATION_LEVEL ( 'unclassified' ) ;
#2452 = LOCAL_TIME ( 5, 5, 52.00000000000000000, #97 ) ;
#2453 = ORIENTED_EDGE ( 'NONE', *, *, #191, .T. ) ;
#2454 = LOCAL_TIME ( 5, 5, 52.00000000000000000, #679 ) ;
#2455 = FACE_OUTER_BOUND ( 'NONE', #2270, .T. ) ;
#2456 = AXIS2_PLACEMENT_3D ( 'NONE', #192, #1942, #2208 ) ;
#2457 = COORDINATED_UNIVERSAL_TIME_OFFSET ( 5, 0, .BEHIND. ) ;
#2458 = PRODUCT_RELATED_PRODUCT_CATEGORY ( 'detail', '', ( #457 ) ) ;
#2459 = CARTESIAN_POINT ( 'NONE',  ( 16.37999999999999901, -8.550000000000038014, -11.00226213623696303 ) ) ;
#2460 = PRODUCT_DEFINITION ( 'UNKNOWN', '', #951, #1771 ) ;
#2461 = APPROVAL_DATE_TIME ( #2447, #2567 ) ;
#2462 = PERSON_AND_ORGANIZATION_ROLE ( 'design_owner' ) ;
#2463 = ORIENTED_EDGE ( 'NONE', *, *, #2426, .F. ) ;
#2464 = APPROVAL_PERSON_ORGANIZATION ( #324, #808, #1439 ) ;
#2465 = LINE ( 'NONE', #1358, #1324 ) ;
#2466 = LOCAL_TIME ( 5, 5, 52.00000000000000000, #633 ) ;
#2467 = CC_DESIGN_APPROVAL ( #1989, ( #1579 ) ) ;
#2468 = DATE_AND_TIME ( #2009, #518 ) ;
#2469 = COORDINATED_UNIVERSAL_TIME_OFFSET ( 5, 0, .BEHIND. ) ;
#2470 = CC_DESIGN_SECURITY_CLASSIFICATION ( #969, ( #2871 ) ) ;
#2471 = PLANE ( 'NONE',  #259 ) ;
#2472 = CC_DESIGN_PERSON_AND_ORGANIZATION_ASSIGNMENT ( #1055, #783, ( #368 ) ) ;
#2473 = PERSON_AND_ORGANIZATION ( #1258, #858 ) ;
#2474 = DATE_AND_TIME ( #2062, #489 ) ;
#2475 = DIRECTION ( 'NONE',  ( 1.000000000000000000, 0.000000000000000000, 0.000000000000000000 ) ) ;
#2476 = FACE_OUTER_BOUND ( 'NONE', #1394, .T. ) ;
#2477 = EDGE_CURVE ( 'NONE', #374, #437, #2543, .T. ) ;
#2478 = CC_DESIGN_SECURITY_CLASSIFICATION ( #193, ( #2879 ) ) ;
#2479 = VERTEX_POINT ( 'NONE', #2735 ) ;
#2480 = DIRECTION ( 'NONE',  ( -0.000000000000000000, -0.000000000000000000, -1.000000000000000000 ) ) ;
#2481 = APPROVAL_ROLE ( '' ) ;
#2482 = PERSON_AND_ORGANIZATION_ROLE ( 'classification_officer' ) ;
#2483 = CARTESIAN_POINT ( 'NONE',  ( 127.0543895766069653, -11.00121272966391750, -17.68094323210939578 ) ) ;
#2484 = COORDINATED_UNIVERSAL_TIME_OFFSET ( 5, 0, .BEHIND. ) ;
#2485 = PRODUCT_DEFINITION_SHAPE ( 'NONE', 'NONE',  #2623 ) ;
#2486 = CARTESIAN_POINT ( 'NONE',  ( -9584.174284945485851, 192.0742743789555220, 14.24024829653508384 ) ) ;
#2487 = CC_DESIGN_PERSON_AND_ORGANIZATION_ASSIGNMENT ( #2713, #311, ( #283 ) ) ;
#2488 =( REPRESENTATION_RELATIONSHIP ('NONE','NONE', #2345, #670 ) REPRESENTATION_RELATIONSHIP_WITH_TRANSFORMATION ( #1028 )SHAPE_REPRESENTATION_RELATIONSHIP( ) );
#2489 = CC_DESIGN_PERSON_AND_ORGANIZATION_ASSIGNMENT ( #2662, #280, ( #1306 ) ) ;
#2490 = CC_DESIGN_APPROVAL ( #915, ( #903 ) ) ;
#2491 = ORGANIZATION ( 'NAUO-ORG4', 'UNSPECIFIED', 'UNSPECIFIED' ) ;
#2492 = ORIENTED_EDGE ( 'NONE', *, *, #327, .T. ) ;
#2493 = DIRECTION ( 'NONE',  ( 0.000000000000000000, -1.000000000000000000, 0.000000000000000000 ) ) ;
#2494 = CARTESIAN_POINT ( 'NONE',  ( -9.370628073632953914, 22.63097066641579858, -3.422440268760200244 ) ) ;
#2495 = VECTOR ( 'NONE', #301, 39.37007874015748143 ) ;
#2496 = SECURITY_CLASSIFICATION_LEVEL ( 'unclassified' ) ;
#2497 = DATE_AND_TIME ( #1607, #926 ) ;
#2498 = AXIS2_PLACEMENT_3D ( 'NONE', #1449, #2338, #335 ) ;
#2499 = SECURITY_CLASSIFICATION_LEVEL ( 'unclassified' ) ;
#2500 =( LENGTH_UNIT ( ) NAMED_UNIT ( * ) SI_UNIT ( $, .METRE. ) );
#2501 = APPROVAL ( #1325, 'UNSPECIFIED' ) ;
#2502 = PRODUCT_DEFINITION_SHAPE ( 'NONE', 'NONE',  #2846 ) ;
#2503 = ORIENTED_EDGE ( 'NONE', *, *, #529, .F. ) ;
#2504 = DIRECTION ( 'NONE',  ( 1.000000000000000000, -0.000000000000000000, 0.000000000000000000 ) ) ;
#2505 = SECURITY_CLASSIFICATION_LEVEL ( 'unclassified' ) ;
#2506 = CARTESIAN_POINT ( 'NONE',  ( 11.50000000000000000, -7.984084880636602932, 3.438328912466843690 ) ) ;
#2507 = LINE ( 'NONE', #1017, #1982 ) ;
#2508 = APPROVAL_PERSON_ORGANIZATION ( #278, #1861, #514 ) ;
#2509 = SECURITY_CLASSIFICATION_LEVEL ( 'unclassified' ) ;
#2510 = PERSON_AND_ORGANIZATION ( #1258, #858 ) ;
#2511 = SHAPE_REPRESENTATION_RELATIONSHIP ( 'NONE' , 'NONE' ,  #2541, #1393 ) ;
#2512 = PERSON_AND_ORGANIZATION_ROLE ( 'classification_officer' ) ;
#2513 = APPLICATION_PROTOCOL_DEFINITION ( 'international standard', 'config_control_design', 1994, #1118 ) ;
#2514 = ORIENTED_EDGE ( 'NONE', *, *, #566, .F. ) ;
#2515 = DIRECTION ( 'NONE',  ( -0.000000000000000000, -1.000000000000000000, -0.000000000000000000 ) ) ;
#2516 = CALENDAR_DATE ( 2026, 4, 8 ) ;
#2517 = DATE_AND_TIME ( #2332, #814 ) ;
#2518 = DIRECTION ( 'NONE',  ( 0.000000000000000000, 0.000000000000000000, 1.000000000000000000 ) ) ;
#2519 = PERSON_AND_ORGANIZATION ( #2293, #508 ) ;
#2520 = EDGE_CURVE ( 'NONE', #967, #199, #1641, .T. ) ;
#2521 = CALENDAR_DATE ( 2026, 4, 8 ) ;
#2522 =( REPRESENTATION_RELATIONSHIP ('NONE','NONE', #2345, #670 ) REPRESENTATION_RELATIONSHIP_WITH_TRANSFORMATION ( #860 )SHAPE_REPRESENTATION_RELATIONSHIP( ) );
#2523 = MECHANICAL_CONTEXT ( 'NONE', #2655, 'mechanical' ) ;
#2524 = VECTOR ( 'NONE', #247, 39.37007874015748143 ) ;
#2525 = ORIENTED_EDGE ( 'NONE', *, *, #1057, .F. ) ;
#2526 = LINE ( 'NONE', #537, #9 ) ;
#2527 = CC_DESIGN_SECURITY_CLASSIFICATION ( #2707, ( #2853 ) ) ;
#2528 = AXIS2_PLACEMENT_3D ( 'NONE', #1897, #742, #642 ) ;
#2529 = PERSON_AND_ORGANIZATION_ROLE ( 'classification_officer' ) ;
#2530 = FACE_OUTER_BOUND ( 'NONE', #2080, .T. ) ;
#2531 = PRODUCT_DEFINITION_FORMATION_WITH_SPECIFIED_SOURCE ( 'ANY', '', #2182, .NOT_KNOWN. ) ;
#2532 = CALENDAR_DATE ( 2026, 4, 8 ) ;
#2533 = CC_DESIGN_DATE_AND_TIME_ASSIGNMENT ( #2730, #2774, ( #2736 ) ) ;
#2534 = PERSON_AND_ORGANIZATION ( #1258, #858 ) ;
#2535 = CARTESIAN_POINT ( 'NONE',  ( -154.2749031762932361, 23.22237851755419413, -25.53011783130363455 ) ) ;
#2536 = CC_DESIGN_DATE_AND_TIME_ASSIGNMENT ( #15, #2047, ( #1761 ) ) ;
#2537 = AXIS2_PLACEMENT_3D ( 'NONE', #2147, #128, #155 ) ;
#2538 = APPROVAL_STATUS ( 'not_yet_approved' ) ;
#2539 = ADVANCED_FACE ( 'NONE', ( #78 ), #520, .F. ) ;
#2540 = CALENDAR_DATE ( 2026, 4, 8 ) ;
#2541 = SHAPE_REPRESENTATION ( 'Copy of Part3^Assem1', ( #373 ), #914 ) ;
#2542 = ORIENTED_EDGE ( 'NONE', *, *, #1684, .F. ) ;
#2543 = LINE ( 'NONE', #1443, #2251 ) ;
#2544 = APPROVAL_DATE_TIME ( #522, #1825 ) ;
#2545 = CARTESIAN_POINT ( 'NONE',  ( -9582.174284945485851, 192.0742743789555220, 7.462597148959528859 ) ) ;
#2546 = SECURITY_CLASSIFICATION_LEVEL ( 'unclassified' ) ;
#2547 = LOCAL_TIME ( 5, 5, 52.00000000000000000, #1463 ) ;
#2548 = ORIENTED_EDGE ( 'NONE', *, *, #1167, .F. ) ;
#2549 = CC_DESIGN_DATE_AND_TIME_ASSIGNMENT ( #1474, #2146, ( #831 ) ) ;
#2550 = LOCAL_TIME ( 5, 5, 52.00000000000000000, #975 ) ;
#2551 = PRODUCT_DEFINITION_FORMATION_WITH_SPECIFIED_SOURCE ( 'ANY', '', #2275, .NOT_KNOWN. ) ;
#2552 = PERSON_AND_ORGANIZATION ( #1258, #858 ) ;
#2553 = VECTOR ( 'NONE', #671, 39.37007874015748143 ) ;
#2554 = APPROVAL_STATUS ( 'not_yet_approved' ) ;
#2555 = EDGE_CURVE ( 'NONE', #1499, #631, #781, .T. ) ;
#2556 = ORIENTED_EDGE ( 'NONE', *, *, #496, .T. ) ;
#2557 = DIRECTION ( 'NONE',  ( -0.000000000000000000, -0.000000000000000000, -1.000000000000000000 ) ) ;
#2558 = SECURITY_CLASSIFICATION_LEVEL ( 'unclassified' ) ;
#2559 = COORDINATED_UNIVERSAL_TIME_OFFSET ( 5, 0, .BEHIND. ) ;
#2560 = DIRECTION ( 'NONE',  ( 0.000000000000000000, 0.000000000000000000, 1.000000000000000000 ) ) ;
#2561 = PLANE ( 'NONE',  #2218 ) ;
#2562 = APPROVAL_ROLE ( '' ) ;
#2563 = APPROVAL_ROLE ( '' ) ;
#2564 = ORIENTED_EDGE ( 'NONE', *, *, #2477, .T. ) ;
#2565 = DATE_AND_TIME ( #792, #907 ) ;
#2566 = APPROVAL_DATE_TIME ( #151, #808 ) ;
#2567 = APPROVAL ( #2650, 'UNSPECIFIED' ) ;
#2568 = ORIENTED_EDGE ( 'NONE', *, *, #566, .T. ) ;
#2569 = ORGANIZATION ( 'NAUO-ORG14', 'UNSPECIFIED', 'UNSPECIFIED' ) ;
#2570 = FACE_OUTER_BOUND ( 'NONE', #1369, .T. ) ;
#2571 = VECTOR ( 'NONE', #1120, 39.37007874015748143 ) ;
#2572 = APPROVAL ( #231, 'UNSPECIFIED' ) ;
#2573 = APPROVAL_DATE_TIME ( #2613, #1314 ) ;
#2574 = DIRECTION ( 'NONE',  ( 1.000000000000000000, 0.000000000000000000, 0.000000000000000000 ) ) ;
#2575 = LINE ( 'NONE', #2602, #1569 ) ;
#2576 = APPROVAL_PERSON_ORGANIZATION ( #146, #1435, #1941 ) ;
#2577 =( REPRESENTATION_RELATIONSHIP ('NONE','NONE', #2345, #2636 ) REPRESENTATION_RELATIONSHIP_WITH_TRANSFORMATION ( #1253 )SHAPE_REPRESENTATION_RELATIONSHIP( ) );
#2578 = COORDINATED_UNIVERSAL_TIME_OFFSET ( 5, 0, .BEHIND. ) ;
#2579 = APPROVAL_ROLE ( '' ) ;
#2580 = ORGANIZATION ( 'NAUO-ORG13', 'UNSPECIFIED', 'UNSPECIFIED' ) ;
#2581 = APPROVAL_PERSON_ORGANIZATION ( #531, #2780, #2733 ) ;
#2582 = CARTESIAN_POINT ( 'NONE',  ( 16.37999999999999901, -8.550000000000038014, -11.00226213623696303 ) ) ;
#2583 = DESIGN_CONTEXT ( 'detailed design', #1577, 'design' ) ;
#2584 = CALENDAR_DATE ( 2026, 4, 8 ) ;
#2585 = AXIS2_PLACEMENT_3D ( 'NONE', #786, #1674, #84 ) ;
#2586 = ORIENTED_EDGE ( 'NONE', *, *, #1684, .T. ) ;
#2587 = CC_DESIGN_PERSON_AND_ORGANIZATION_ASSIGNMENT ( #1565, #2482, ( #2707 ) ) ;
#2588 = SECURITY_CLASSIFICATION_LEVEL ( 'unclassified' ) ;
#2589 = DIRECTION ( 'NONE',  ( -1.000000000000000000, -0.000000000000000000, -0.000000000000000000 ) ) ;
#2590 = APPROVAL_ROLE ( '' ) ;
#2591 = CALENDAR_DATE ( 2026, 4, 8 ) ;
#2592 = CARTESIAN_POINT ( 'NONE',  ( 16.37999999999999901, -8.550000000000038014, 22.62992125984275660 ) ) ;
#2593 = LOCAL_TIME ( 5, 5, 52.00000000000000000, #736 ) ;
#2594 = PERSON_AND_ORGANIZATION_ROLE ( 'classification_officer' ) ;
#2595 = CC_DESIGN_SECURITY_CLASSIFICATION ( #273, ( #2868 ) ) ;
#2596 = LOCAL_TIME ( 5, 5, 52.00000000000000000, #961 ) ;
#2597 = ORIENTED_EDGE ( 'NONE', *, *, #884, .F. ) ;
#2598 = ORIENTED_EDGE ( 'NONE', *, *, #40, .T. ) ;
#2599 = CARTESIAN_POINT ( 'NONE',  ( -9582.174284945485851, 192.0742743789555220, 7.462597148959528859 ) ) ;
#2600 = PERSON ( 'NAUO-PER27', 'UNSPECIFIED', 'UNSPECIFIED', ('UNSPECIFIED'), ('UNSPECIFIED'), ('UNSPECIFIED') ) ;
#2601 = DATE_AND_TIME ( #1299, #1555 ) ;
#2602 = CARTESIAN_POINT ( 'NONE',  ( 0.000000000000000000, 14.16554222386649009, -1.247226703741503462 ) ) ;
#2603 = DATE_TIME_ROLE ( 'classification_date' ) ;
#2604 = PERSON_AND_ORGANIZATION ( #2438, #2018 ) ;
#2605 = CC_DESIGN_PERSON_AND_ORGANIZATION_ASSIGNMENT ( #2658, #1537, ( #1205 ) ) ;
#2606 = DIRECTION ( 'NONE',  ( 0.000000000000000000, 0.000000000000000000, 1.000000000000000000 ) ) ;
#2607 = EDGE_CURVE ( 'NONE', #2184, #1777, #2526, .T. ) ;
#2608 = CC_DESIGN_APPROVAL ( #2778, ( #1871 ) ) ;
#2609 = PERSON_AND_ORGANIZATION ( #1258, #858 ) ;
#2610 = PERSON_AND_ORGANIZATION ( #1258, #858 ) ;
#2611 = ORIENTED_EDGE ( 'NONE', *, *, #2555, .T. ) ;
#2612 = DIRECTION ( 'NONE',  ( -1.000000000000000000, 0.000000000000000000, -0.000000000000000000 ) ) ;
#2613 = DATE_AND_TIME ( #376, #336 ) ;
#2614 = DIRECTION ( 'NONE',  ( -0.000000000000000000, 1.000000000000000000, -0.000000000000000000 ) ) ;
#2615 = CONTEXT_DEPENDENT_SHAPE_REPRESENTATION ( #1179, #404 ) ;
#2616 = COORDINATED_UNIVERSAL_TIME_OFFSET ( 5, 0, .BEHIND. ) ;
#2617 = CARTESIAN_POINT ( 'NONE',  ( -9582.174284945485851, 223.0805877970713880, 14.24024829653508384 ) ) ;
#2618 = CC_DESIGN_PERSON_AND_ORGANIZATION_ASSIGNMENT ( #2268, #2512, ( #1996 ) ) ;
#2619 = LOCAL_TIME ( 5, 5, 52.00000000000000000, #530 ) ;
#2620 = AXIS2_PLACEMENT_3D ( 'NONE', #695, #1611, #1143 ) ;
#2621 = DIRECTION ( 'NONE',  ( 1.000000000000000000, 0.000000000000000000, 0.000000000000000000 ) ) ;
#2622 = CALENDAR_DATE ( 2026, 4, 8 ) ;
#2623 = PRODUCT_DEFINITION ( 'UNKNOWN', '', #2551, #890 ) ;
#2624 = DATE_AND_TIME ( #1311, #2278 ) ;
#2625 = CARTESIAN_POINT ( 'NONE',  ( 0.001049406573045309245, 0.8206280736329157888, -0.01848309843758132523 ) ) ;
#2626 = EDGE_LOOP ( 'NONE', ( #2492, #1246, #1355, #885 ) ) ;
#2627 = ADVANCED_FACE ( 'NONE', ( #1190 ), #2313, .F. ) ;
#2628 = VECTOR ( 'NONE', #1506, 39.37007874015748143 ) ;
#2629 = CALENDAR_DATE ( 2026, 4, 8 ) ;
#2630 = ORIENTED_EDGE ( 'NONE', *, *, #1225, .F. ) ;
#2631 = PRODUCT_DEFINITION_SHAPE ( 'NONE', 'NONE',  #2856 ) ;
#2632 = PLANE ( 'NONE',  #1937 ) ;
#2633 = APPROVAL_DATE_TIME ( #2247, #2689 ) ;
#2634 = CALENDAR_DATE ( 2026, 4, 8 ) ;
#2635 = DIRECTION ( 'NONE',  ( 0.000000000000000000, 1.748382715945136151E-15, -1.000000000000000000 ) ) ;
#2636 = SHAPE_REPRESENTATION ( 'Copy of Part7^Assem1', ( #373 ), #2369 ) ;
#2637 = SHAPE_REPRESENTATION_RELATIONSHIP ( 'NONE' , 'NONE' ,  #2636, #383 ) ;
#2638 = PERSON_AND_ORGANIZATION_ROLE ( 'design_supplier' ) ;
#2639 = CC_DESIGN_PERSON_AND_ORGANIZATION_ASSIGNMENT ( #2785, #1014, ( #1598 ) ) ;
#2640 = APPROVAL_STATUS ( 'not_yet_approved' ) ;
#2641 = DIRECTION ( 'NONE',  ( -3.491481338843133355E-15, 1.000000000000000000, 0.000000000000000000 ) ) ;
#2642 = ORIENTED_EDGE ( 'NONE', *, *, #1813, .T. ) ;
#2643 = CC_DESIGN_DATE_AND_TIME_ASSIGNMENT ( #916, #232, ( #1205 ) ) ;
#2644 = LOCAL_TIME ( 5, 5, 52.00000000000000000, #164 ) ;
#2645 = LOCAL_TIME ( 5, 5, 52.00000000000000000, #2367 ) ;
#2646 = EDGE_CURVE ( 'NONE', #1144, #839, #326, .T. ) ;
#2647 = DIRECTION ( 'NONE',  ( 0.000000000000000000, 0.000000000000000000, 1.000000000000000000 ) ) ;
#2648 = PERSON_AND_ORGANIZATION ( #1212, #253 ) ;
#2649 = DIRECTION ( 'NONE',  ( -0.000000000000000000, -0.000000000000000000, -1.000000000000000000 ) ) ;
#2650 = APPROVAL_STATUS ( 'not_yet_approved' ) ;
#2651 = DATE_AND_TIME ( #2629, #2142 ) ;
#2652 = DIRECTION ( 'NONE',  ( 0.000000000000000000, 0.000000000000000000, 1.000000000000000000 ) ) ;
#2653 = ORIENTED_EDGE ( 'NONE', *, *, #1206, .T. ) ;
#2654 = CC_DESIGN_DATE_AND_TIME_ASSIGNMENT ( #2407, #1570, ( #648 ) ) ;
#2655 = APPLICATION_CONTEXT ( 'configuration controlled 3d designs of mechanical parts and assemblies' ) ;
#2656 = PLANE ( 'NONE',  #2349 ) ;
#2657 = CC_DESIGN_PERSON_AND_ORGANIZATION_ASSIGNMENT ( #1294, #2638, ( #951 ) ) ;
#2658 = PERSON_AND_ORGANIZATION ( #2011, #1064 ) ;
#2659 = CALENDAR_DATE ( 2026, 4, 8 ) ;
#2660 = CARTESIAN_POINT ( 'NONE',  ( 0.000000000000000000, -1.334457776133509910, -1.247226703741503462 ) ) ;
#2661 = DESIGN_CONTEXT ( 'detailed design', #1894, 'design' ) ;
#2662 = PERSON_AND_ORGANIZATION ( #1258, #858 ) ;
#2663 = PERSON ( 'NAUO-PER18', 'UNSPECIFIED', 'UNSPECIFIED', ('UNSPECIFIED'), ('UNSPECIFIED'), ('UNSPECIFIED') ) ;
#2664 = CC_DESIGN_SECURITY_CLASSIFICATION ( #294, ( #2856 ) ) ;
#2665 = CC_DESIGN_APPROVAL ( #1455, ( #295 ) ) ;
#2666 = CALENDAR_DATE ( 2026, 4, 8 ) ;
#2667 =( REPRESENTATION_RELATIONSHIP ('NONE','NONE', #2345, #670 ) REPRESENTATION_RELATIONSHIP_WITH_TRANSFORMATION ( #2235 )SHAPE_REPRESENTATION_RELATIONSHIP( ) );
#2668 =( NAMED_UNIT ( * ) PLANE_ANGLE_UNIT ( ) SI_UNIT ( $, .RADIAN. ) );
#2669 = VERTEX_POINT ( 'NONE', #1220 ) ;
#2670 = SECURITY_CLASSIFICATION ( '', '', #1624 ) ;
#2671 = DIRECTION ( 'NONE',  ( 0.000000000000000000, 0.000000000000000000, -1.000000000000000000 ) ) ;
#2672 = CC_DESIGN_DATE_AND_TIME_ASSIGNMENT ( #1984, #1445, ( #1037 ) ) ;
#2673 = VECTOR ( 'NONE', #2756, 39.37007874015748143 ) ;
#2674 = CALENDAR_DATE ( 2026, 4, 8 ) ;
#2675 = APPLICATION_CONTEXT ( 'configuration controlled 3d designs of mechanical parts and assemblies' ) ;
#2676 = DIRECTION ( 'NONE',  ( 0.000000000000000000, 0.000000000000000000, -1.000000000000000000 ) ) ;
#2677 = EDGE_CURVE ( 'NONE', #1342, #481, #62, .T. ) ;
#2678 = DATE_TIME_ROLE ( 'classification_date' ) ;
#2679 = APPROVAL_ROLE ( '' ) ;
#2680 = PERSON_AND_ORGANIZATION_ROLE ( 'creator' ) ;
#2681 = ORIENTED_EDGE ( 'NONE', *, *, #2041, .F. ) ;
#2682 = LOCAL_TIME ( 5, 5, 52.00000000000000000, #266 ) ;
#2683 = VERTEX_POINT ( 'NONE', #1382 ) ;
#2684 = CARTESIAN_POINT ( 'NONE',  ( 16.37999999999999901, -8.550000000000038014, 22.62992125984275660 ) ) ;
#2685 = APPROVAL_PERSON_ORGANIZATION ( #745, #1348, #2729 ) ;
#2686 = LOCAL_TIME ( 5, 5, 52.00000000000000000, #1796 ) ;
#2687 = APPROVAL_PERSON_ORGANIZATION ( #844, #1612, #2590 ) ;
#2688 = DIRECTION ( 'NONE',  ( -1.000000000000000000, 0.000000000000000000, -0.000000000000000000 ) ) ;
#2689 = APPROVAL ( #1675, 'UNKNOWN' ) ;
#2690 = COORDINATED_UNIVERSAL_TIME_OFFSET ( 5, 0, .BEHIND. ) ;
#2691 = ADVANCED_FACE ( 'NONE', ( #729 ), #1627, .T. ) ;
#2692 = CALENDAR_DATE ( 2026, 4, 8 ) ;
#2693 = CARTESIAN_POINT ( 'NONE',  ( -9.370628073632953914, 22.63097066641579858, -3.422440268760200244 ) ) ;
#2694 = VERTEX_POINT ( 'NONE', #2053 ) ;
#2695 = CARTESIAN_POINT ( 'NONE',  ( -9.370628073632953914, -11.00121272966391750, 12.31905676789047277 ) ) ;
#2696 = APPROVAL_DATE_TIME ( #1191, #2441 ) ;
#2697 = APPROVAL_DATE_TIME ( #300, #92 ) ;
#2698 = LINE ( 'NONE', #473, #2124 ) ;
#2699 = DATE_AND_TIME ( #2072, #2550 ) ;
#2700 = APPROVAL_DATE_TIME ( #706, #2114 ) ;
#2701 = CC_DESIGN_SECURITY_CLASSIFICATION ( #1332, ( #2857 ) ) ;
#2702 = AXIS2_PLACEMENT_3D ( 'NONE', #982, #271, #941 ) ;
#2703 = CC_DESIGN_PERSON_AND_ORGANIZATION_ASSIGNMENT ( #2717, #760, ( #1441 ) ) ;
#2704 = PERSON_AND_ORGANIZATION_ROLE ( 'classification_officer' ) ;
#2705 = CC_DESIGN_APPROVAL ( #2061, ( #1747 ) ) ;
#2706 = APPLICATION_CONTEXT ( 'configuration controlled 3d designs of mechanical parts and assemblies' ) ;
#2707 = SECURITY_CLASSIFICATION ( '', '', #8 ) ;
#2708 = CC_DESIGN_SECURITY_CLASSIFICATION ( #1333, ( #951 ) ) ;
#2709 = ADVANCED_FACE ( 'NONE', ( #46 ), #2711, .F. ) ;
#2710 = ORIENTED_EDGE ( 'NONE', *, *, #1101, .T. ) ;
#2711 = PLANE ( 'NONE',  #321 ) ;
#2712 = PRODUCT_DEFINITION_SHAPE ( 'NONE', 'NONE',  #2860 ) ;
#2713 = PERSON_AND_ORGANIZATION ( #1628, #2104 ) ;
#2714 = DIRECTION ( 'NONE',  ( 0.000000000000000000, 1.000000000000000000, 0.000000000000000000 ) ) ;
#2715 = VECTOR ( 'NONE', #2012, 39.37007874015748143 ) ;
#2716 = APPROVAL_DATE_TIME ( #2058, #1861 ) ;
#2717 = PERSON_AND_ORGANIZATION ( #1258, #858 ) ;
#2718 = PERSON_AND_ORGANIZATION ( #1258, #858 ) ;
#2719 = ORIENTED_EDGE ( 'NONE', *, *, #2353, .T. ) ;
#2720 = CARTESIAN_POINT ( 'NONE',  ( -9.370628073632953914, 22.63097066641579858, 12.31905676789047277 ) ) ;
#2721 = ADVANCED_FACE ( 'NONE', ( #285 ), #956, .F. ) ;
#2722 = ITEM_DEFINED_TRANSFORMATION ( 'NONE', 'NONE', #1283,  #373 ) ;
#2723 = LOCAL_TIME ( 5, 5, 52.00000000000000000, #2841 ) ;
#2724 = APPROVAL_STATUS ( 'not_yet_approved' ) ;
#2725 = LOCAL_TIME ( 5, 5, 52.00000000000000000, #2292 ) ;
#2726 = PLANE ( 'NONE',  #2585 ) ;
#2727 = LOCAL_TIME ( 5, 5, 52.00000000000000000, #965 ) ;
#2728 = LOCAL_TIME ( 5, 5, 52.00000000000000000, #1940 ) ;
#2729 = APPROVAL_ROLE ( '' ) ;
#2730 = DATE_AND_TIME ( #117, #2825 ) ;
#2731 = LENGTH_MEASURE_WITH_UNIT ( LENGTH_MEASURE( 0.02539999999999999897 ), #1183 );
#2732 = APPROVAL_ROLE ( '' ) ;
#2733 = APPROVAL_ROLE ( '' ) ;
#2734 = ORIENTED_EDGE ( 'NONE', *, *, #779, .T. ) ;
#2735 = CARTESIAN_POINT ( 'NONE',  ( 0.000000000000000000, 127.8750176502398830, -11.00226213623696303 ) ) ;
#2736 = PRODUCT_DEFINITION ( 'UNKNOWN', '', #2092, #1738 ) ;
#2737 = LOCAL_TIME ( 5, 5, 52.00000000000000000, #1879 ) ;
#2738 = APPROVAL_DATE_TIME ( #79, #2187 ) ;
#2739 = SECURITY_CLASSIFICATION_LEVEL ( 'unclassified' ) ;
#2740 = CC_DESIGN_PERSON_AND_ORGANIZATION_ASSIGNMENT ( #1354, #449, ( #295 ) ) ;
#2741 = FACE_OUTER_BOUND ( 'NONE', #406, .T. ) ;
#2742 = DATE_TIME_ROLE ( 'classification_date' ) ;
#2743 = PERSON_AND_ORGANIZATION ( #1258, #858 ) ;
#2744 = EDGE_CURVE ( 'NONE', #284, #199, #1716, .T. ) ;
#2745 = ORIENTED_EDGE ( 'NONE', *, *, #2079, .T. ) ;
#2746 = DATE_AND_TIME ( #355, #678 ) ;
#2747 = VECTOR ( 'NONE', #1995, 39.37007874015748143 ) ;
#2748 = PERSON_AND_ORGANIZATION_ROLE ( 'design_supplier' ) ;
#2749 = EDGE_LOOP ( 'NONE', ( #1848, #139, #2681, #713 ) ) ;
#2750 = PLANE ( 'NONE',  #574 ) ;
#2751 = VERTEX_POINT ( 'NONE', #1268 ) ;
#2752 = APPROVAL_PERSON_ORGANIZATION ( #91, #76, #1873 ) ;
#2753 = COORDINATED_UNIVERSAL_TIME_OFFSET ( 5, 0, .BEHIND. ) ;
#2754 = PERSON_AND_ORGANIZATION ( #55, #2580 ) ;
#2755 = CC_DESIGN_PERSON_AND_ORGANIZATION_ASSIGNMENT ( #2648, #484, ( #1835 ) ) ;
#2756 = DIRECTION ( 'NONE',  ( 1.000000000000000000, 0.000000000000000000, 0.000000000000000000 ) ) ;
#2757 = COORDINATED_UNIVERSAL_TIME_OFFSET ( 5, 0, .BEHIND. ) ;
#2758 = DATE_AND_TIME ( #1178, #1062 ) ;
#2759 = CARTESIAN_POINT ( 'NONE',  ( 16.37999999999999901, 127.8750176502398830, 22.62992125984275660 ) ) ;
#2760 = CIRCLE ( 'NONE', #1889, 29.99999999999986855 ) ;
#2761 = EDGE_CURVE ( 'NONE', #1787, #1640, #1921, .T. ) ;
#2763 = VECTOR ( 'NONE', #351, 39.37007874015748143 ) ;
#2762 = SHAPE_REPRESENTATION_RELATIONSHIP ( 'NONE' , 'NONE' ,  #468, #1706 ) ;
#2764 = PERSON_AND_ORGANIZATION ( #1258, #858 ) ;
#2765 = PERSON ( 'NAUO-PER14', 'UNSPECIFIED', 'UNSPECIFIED', ('UNSPECIFIED'), ('UNSPECIFIED'), ('UNSPECIFIED') ) ;
#2766 = PERSON_AND_ORGANIZATION_ROLE ( 'classification_officer' ) ;
#2767 = ORIENTED_EDGE ( 'NONE', *, *, #2744, .T. ) ;
#2768 = CARTESIAN_POINT ( 'NONE',  ( 0.000000000000000000, -7.984084880636602932, 3.438328912466843690 ) ) ;
#2769 = APPROVAL_ROLE ( '' ) ;
#2770 = COORDINATED_UNIVERSAL_TIME_OFFSET ( 5, 0, .BEHIND. ) ;
#2771 = CARTESIAN_POINT ( 'NONE',  ( 39.37007874015777986, 148.9319766984855562, -2.175696663456278657 ) ) ;
#2772 = DIRECTION ( 'NONE',  ( -1.000000000000000000, 0.000000000000000000, 0.000000000000000000 ) ) ;
#2773 = ITEM_DEFINED_TRANSFORMATION ( 'NONE', 'NONE', #2019,  #373 ) ;
#2774 = DATE_TIME_ROLE ( 'creation_date' ) ;
#2775 = LOCAL_TIME ( 5, 5, 52.00000000000000000, #2328 ) ;
#2776 = LINE ( 'NONE', #1229, #1755 ) ;
#2777 = CC_DESIGN_SECURITY_CLASSIFICATION ( #1111, ( #2866 ) ) ;
#2778 = APPROVAL ( #999, 'UNKNOWN' ) ;
#2779 = APPROVAL_STATUS ( 'not_yet_approved' ) ;
#2780 = APPROVAL ( #737, 'UNSPECIFIED' ) ;
#2781 = PERSON_AND_ORGANIZATION ( #1258, #858 ) ;
#2782 = ORIENTED_EDGE ( 'NONE', *, *, #1187, .T. ) ;
#2783 = FACE_OUTER_BOUND ( 'NONE', #2749, .T. ) ;
#2784 = CALENDAR_DATE ( 2026, 4, 8 ) ;
#2785 = PERSON_AND_ORGANIZATION ( #2256, #2796 ) ;
#2786 = DIRECTION ( 'NONE',  ( -3.491481338843133355E-15, 1.000000000000000000, 0.000000000000000000 ) ) ;
#2787 = CARTESIAN_POINT ( 'NONE',  ( 16.37999999999999901, 127.8750176502398830, -11.00226213623696303 ) ) ;
#2788 = CC_DESIGN_APPROVAL ( #2815, ( #1591 ) ) ;
#2789 = APPROVAL_STATUS ( 'not_yet_approved' ) ;
#2790 = LINE ( 'NONE', #2105, #120 ) ;
#2791 = PERSON_AND_ORGANIZATION ( #1258, #858 ) ;
#2792 = CC_DESIGN_DATE_AND_TIME_ASSIGNMENT ( #1387, #2742, ( #1111 ) ) ;
#2793 = PRODUCT_DEFINITION_SHAPE ( 'NONE', 'NONE',  #2460 ) ;
#2794 = COORDINATED_UNIVERSAL_TIME_OFFSET ( 5, 0, .BEHIND. ) ;
#2795 = ORIENTED_EDGE ( 'NONE', *, *, #1356, .T. ) ;
#2796 = ORGANIZATION ( 'NAUO-ORG17', 'UNSPECIFIED', 'UNSPECIFIED' ) ;
#2797 = CARTESIAN_POINT ( 'NONE',  ( 0.000000000000000000, 0.000000000000000000, 0.000000000000000000 ) ) ;
#2798 = EDGE_CURVE ( 'NONE', #2683, #1252, #614, .T. ) ;
#2799 = DATE_AND_TIME ( #1922, #96 ) ;
#2800 = APPROVAL_ROLE ( '' ) ;
#2801 = PERSON ( 'NAUO-PER32', 'UNSPECIFIED', 'UNSPECIFIED', ('UNSPECIFIED'), ('UNSPECIFIED'), ('UNSPECIFIED') ) ;
#2802 = CARTESIAN_POINT ( 'NONE',  ( -9582.174284945485851, 223.0805877970713880, 14.24024829653508384 ) ) ;
#2803 = APPROVAL_PERSON_ORGANIZATION ( #887, #2074, #178 ) ;
#2804 = LOCAL_TIME ( 5, 5, 52.00000000000000000, #1022 ) ;
#2805 = DATE_AND_TIME ( #1708, #2824 ) ;
#2806 = CONTEXT_DEPENDENT_SHAPE_REPRESENTATION ( #2522, #1320 ) ;
#2807 = CC_DESIGN_APPROVAL ( #1825, ( #294 ) ) ;
#2808 = LOCAL_TIME ( 5, 5, 52.00000000000000000, #2840 ) ;
#2809 = DIRECTION ( 'NONE',  ( -0.000000000000000000, -0.000000000000000000, 1.000000000000000000 ) ) ;
#2810 = DIRECTION ( 'NONE',  ( 1.000000000000000000, 0.000000000000000000, 0.000000000000000000 ) ) ;
#2811 = CALENDAR_DATE ( 2026, 4, 8 ) ;
#2812 = VECTOR ( 'NONE', #2809, 39.37007874015748143 ) ;
#2813 = ORIENTED_EDGE ( 'NONE', *, *, #1830, .F. ) ;
#2814 =( REPRESENTATION_RELATIONSHIP ('NONE','NONE', #2345, #468 ) REPRESENTATION_RELATIONSHIP_WITH_TRANSFORMATION ( #126 )SHAPE_REPRESENTATION_RELATIONSHIP( ) );
#2815 = APPROVAL ( #1344, 'UNKNOWN' ) ;
#2816 = DATE_AND_TIME ( #360, #467 ) ;
#2817 = DIRECTION ( 'NONE',  ( 0.000000000000000000, -1.000000000000000000, 0.000000000000000000 ) ) ;
#2818 = ADVANCED_FACE ( 'NONE', ( #140 ), #124, .T. ) ;
#2819 = COORDINATED_UNIVERSAL_TIME_OFFSET ( 5, 0, .BEHIND. ) ;
#2820 = DATE_TIME_ROLE ( 'classification_date' ) ;
#2821 = LINE ( 'NONE', #834, #1376 ) ;
#2822 = LOCAL_TIME ( 5, 5, 52.00000000000000000, #122 ) ;
#2823 = DATE_AND_TIME ( #2811, #1181 ) ;
#2824 = LOCAL_TIME ( 5, 5, 52.00000000000000000, #2176 ) ;
#2825 = LOCAL_TIME ( 5, 5, 52.00000000000000000, #334 ) ;
#2826 = CC_DESIGN_SECURITY_CLASSIFICATION ( #1205, ( #2872 ) ) ;
#2827 = APPROVAL_DATE_TIME ( #2624, #2501 ) ;
#2828 = ORIENTED_EDGE ( 'NONE', *, *, #1652, .F. ) ;
#2829 = DIRECTION ( 'NONE',  ( -1.000000000000000000, -0.000000000000000000, -0.000000000000000000 ) ) ;
#2830 = APPROVAL_STATUS ( 'not_yet_approved' ) ;
#2831 = DIRECTION ( 'NONE',  ( -0.000000000000000000, -0.000000000000000000, 1.000000000000000000 ) ) ;
#2832 = APPROVAL ( #2554, 'UNSPECIFIED' ) ;
#2833 = ITEM_DEFINED_TRANSFORMATION ( 'NONE', 'NONE', #2528,  #373 ) ;
#2834 = CC_DESIGN_PERSON_AND_ORGANIZATION_ASSIGNMENT ( #864, #1757, ( #535 ) ) ;
#2835 = DATE_AND_TIME ( #2162, #2619 ) ;
#2836 = CARTESIAN_POINT ( 'NONE',  ( -9584.174284945485851, 0.000000000000000000, 0.000000000000000000 ) ) ;
#2837 = ADVANCED_FACE ( 'NONE', ( #2783 ), #565, .F. ) ;
#2838 = LOCAL_TIME ( 5, 5, 52.00000000000000000, #64 ) ;
#2839 =( NAMED_UNIT ( * ) SI_UNIT ( $, .STERADIAN. ) SOLID_ANGLE_UNIT ( ) );
#2840 = COORDINATED_UNIVERSAL_TIME_OFFSET ( 5, 0, .BEHIND. ) ;
#2841 = COORDINATED_UNIVERSAL_TIME_OFFSET ( 5, 0, .BEHIND. ) ;
#2842 = DIRECTION ( 'NONE',  ( 0.000000000000000000, 0.000000000000000000, 1.000000000000000000 ) ) ;
#2843 = APPROVAL_ROLE ( '' ) ;
#2844 = NEXT_ASSEMBLY_USAGE_OCCURRENCE ( 'NAUO1', ' ', ' ', #1761, #1723, $ ) ;
#2845 = NEXT_ASSEMBLY_USAGE_OCCURRENCE ( 'NAUO2', ' ', ' ', #1761, #1723, $ ) ;
#2846 = NEXT_ASSEMBLY_USAGE_OCCURRENCE ( 'NAUO3', ' ', ' ', #1761, #1723, $ ) ;
#2847 = NEXT_ASSEMBLY_USAGE_OCCURRENCE ( 'NAUO4', ' ', ' ', #1761, #1723, $ ) ;
#2848 = NEXT_ASSEMBLY_USAGE_OCCURRENCE ( 'NAUO5', ' ', ' ', #1761, #1723, $ ) ;
#2849 = NEXT_ASSEMBLY_USAGE_OCCURRENCE ( 'NAUO6', ' ', ' ', #1761, #1723, $ ) ;
#2850 = NEXT_ASSEMBLY_USAGE_OCCURRENCE ( 'NAUO7', ' ', ' ', #1761, #1723, $ ) ;
#2851 = NEXT_ASSEMBLY_USAGE_OCCURRENCE ( 'NAUO8', ' ', ' ', #1761, #1723, $ ) ;
#2852 = NEXT_ASSEMBLY_USAGE_OCCURRENCE ( 'NAUO9', ' ', ' ', #1761, #1723, $ ) ;
#2853 = NEXT_ASSEMBLY_USAGE_OCCURRENCE ( 'NAUO10', ' ', ' ', #1761, #1723, $ ) ;
#2854 = NEXT_ASSEMBLY_USAGE_OCCURRENCE ( 'NAUO11', ' ', ' ', #1761, #950, $ ) ;
#2855 = NEXT_ASSEMBLY_USAGE_OCCURRENCE ( 'NAUO12', ' ', ' ', #1761, #950, $ ) ;
#2856 = NEXT_ASSEMBLY_USAGE_OCCURRENCE ( 'NAUO13', ' ', ' ', #1761, #950, $ ) ;
#2857 = NEXT_ASSEMBLY_USAGE_OCCURRENCE ( 'NAUO14', ' ', ' ', #1761, #950, $ ) ;
#2858 = NEXT_ASSEMBLY_USAGE_OCCURRENCE ( 'NAUO15', ' ', ' ', #1761, #950, $ ) ;
#2859 = NEXT_ASSEMBLY_USAGE_OCCURRENCE ( 'NAUO16', ' ', ' ', #1761, #950, $ ) ;
#2860 = NEXT_ASSEMBLY_USAGE_OCCURRENCE ( 'NAUO17', ' ', ' ', #1761, #950, $ ) ;
#2861 = NEXT_ASSEMBLY_USAGE_OCCURRENCE ( 'NAUO18', ' ', ' ', #1761, #950, $ ) ;
#2862 = NEXT_ASSEMBLY_USAGE_OCCURRENCE ( 'NAUO19', ' ', ' ', #1761, #950, $ ) ;
#2863 = NEXT_ASSEMBLY_USAGE_OCCURRENCE ( 'NAUO20', ' ', ' ', #1761, #1723, $ ) ;
#2864 = NEXT_ASSEMBLY_USAGE_OCCURRENCE ( 'NAUO21', ' ', ' ', #1761, #950, $ ) ;
#2865 = NEXT_ASSEMBLY_USAGE_OCCURRENCE ( 'NAUO22', ' ', ' ', #1761, #950, $ ) ;
#2866 = NEXT_ASSEMBLY_USAGE_OCCURRENCE ( 'NAUO23', ' ', ' ', #1761, #950, $ ) ;
#2867 = NEXT_ASSEMBLY_USAGE_OCCURRENCE ( 'NAUO24', ' ', ' ', #1761, #950, $ ) ;
#2868 = NEXT_ASSEMBLY_USAGE_OCCURRENCE ( 'NAUO25', ' ', ' ', #1761, #1723, $ ) ;
#2869 = NEXT_ASSEMBLY_USAGE_OCCURRENCE ( 'NAUO26', ' ', ' ', #1761, #1723, $ ) ;
#2870 = NEXT_ASSEMBLY_USAGE_OCCURRENCE ( 'NAUO27', ' ', ' ', #1761, #1723, $ ) ;
#2871 = NEXT_ASSEMBLY_USAGE_OCCURRENCE ( 'NAUO28', ' ', ' ', #1761, #1723, $ ) ;
#2872 = NEXT_ASSEMBLY_USAGE_OCCURRENCE ( 'NAUO29', ' ', ' ', #1761, #1758, $ ) ;
#2873 = NEXT_ASSEMBLY_USAGE_OCCURRENCE ( 'NAUO30', ' ', ' ', #1761, #2623, $ ) ;
#2874 = NEXT_ASSEMBLY_USAGE_OCCURRENCE ( 'NAUO31', ' ', ' ', #1761, #2623, $ ) ;
#2875 = NEXT_ASSEMBLY_USAGE_OCCURRENCE ( 'NAUO32', ' ', ' ', #1761, #2623, $ ) ;
#2876 = NEXT_ASSEMBLY_USAGE_OCCURRENCE ( 'NAUO33', ' ', ' ', #1761, #2623, $ ) ;
#2877 = NEXT_ASSEMBLY_USAGE_OCCURRENCE ( 'NAUO34', ' ', ' ', #1761, #2623, $ ) ;
#2878 = NEXT_ASSEMBLY_USAGE_OCCURRENCE ( 'NAUO35', ' ', ' ', #1761, #2460, $ ) ;
#2879 = NEXT_ASSEMBLY_USAGE_OCCURRENCE ( 'NAUO36', ' ', ' ', #1761, #813, $ ) ;
ENDSEC;
END-ISO-10303-21;
